id;name;parent_id;
14497;Men;
14498;Fragance;
14499;Bath & Body;
14500;Skin Care;
14501;Makeup;
14502;Hair;
14503;Sun;
14504;Gifts;
14507;Parapharmacy;
14508;Fragance;14497
14509;Bath & Body;14497
14510;Skin Care;14497
14511;Gifts;14497
14512;Hair;14497
14513;ADOLFO DOMINGUEZ;14508
14514;ALVAREZ GÓMEZ;18069
18069;Men;18027
18027;Drugstore;
14515;ANGEL SCHLESSER;14508
14516;ACQUA DI PARMA;14508
14517;ARAMIS;14508
14518;ARMAND BASI;14508
14519;GIORGIO ARMANI;14508
14520;CACHAREL;14508
14521;ATKINSONS;14508
14522;AZZARO;14508
14523;BOUCHERON;14508
14524;BRUNO BANANI;18069
14525;BVLGARI;14508
14526;BURBERRY;14508
14527;CALVIN KLEIN;14508
14528;CAROLINA HERRERA;14508
14529;CARTIER;14508
14530;CERRUTI;14508
14531;CHOPARD;14508
14532;CLINIQUE;14508
14533;CUSTO;18069
14534;DAVIDOFF;14508
14535;DOLCE & GABBANA;14508
14536;DONNA KARAN;14508
14537;EAU MO;18069
14538;ED HARDY;18069
14539;FERRARI;14508
14540;GIVENCHY;14508
14541;GUERLAIN;14508
14542;GUY LAROCHE;14508
14543;GEOFFREY BEENE;14508
14544;HERMÈS;14508
14545;HUGO BOSS;14508
14546;ISSEY MIYAKE;14508
14547;JEAN PAUL GAULTIER;14508
14548;HALLOWEEN;14508
14549;JIL SANDER;14508
14550;JOOP;14508
14551;KENZO;14508
14552;LACOSTE;14508
14553;LAURA BIAGIOTTI;14508
14554;LOEWE;14508
14555;LOLITA LEMPICKA;14508
14556;NARCISO RODRIGUEZ;14508
14557;NIKOS;14508
14558;PACO RABANNE;14508
14559;VICTORIO & LUCCHINO;18069
14560;VIKTOR & ROLF;14508
14561;VERSACE;18069
14562;ROBERTO VERINO;14508
14563;TOUS;14508
14564;TOMMY HILFIGER;14508
14565;MUGLER;14508
14566;TABAC ORIGINAL;18069
14567;RALPH LAUREN;14508
14568;PUIG;18069
14569;PRADA;14508
14570;PAUL SMITH;14508
14571;BIOTHERM;14508
14572;SHISEIDO;14508
14573;ADIDAS;18069
14574;ESTÉE LAUDER;14508
14575;GUCCI;14508
14576;MANDARINA DUCK;14508
14577;MOSCHINO;14508
14578;PACHA;18069
14579;PLAYBOY;18069
14580;ROBERTO CAVALLI;14508
14581;ROCHAS;14508
14582;YVES SAINT LAURENT;14508
14583;MARC JACOBS;14508
14584;DSQUARED2;14508
14585;GIANFRANCO FERRÉ;14508
14587;MONTBLANC;14508
14588;OSCAR DE LA RENTA;14508
14589;VAN CLEEF & ARPELS;14508
14590;4711;14508
14591;DIOR;14508
14592;GIORGIO BEVERLY HILLS;14508
14593;LANVIN;14508
14594;TOM FORD;14508
14595;EL CHARRO;18069
14596;JOHN RICHMOND;18069
14597;JUICY COUTURE;14508
14598;SISLEY;14508
14599;ROGER & GALLET;14508
14600;MASSIMO DUTTI;18069
14601;NACHO VIDAL;18069
14602;FABERGE;18069
14603;MERCEDES BENZ;14508
14604;TRUSSARDI;14508
14605;L'OCCITANE;14508
14606;JAMES BOND;18069
14607;LANCASTER;14508
14608;LANCÔME;14508
14609;SALVATORE FERRAGAMO;14508
14610;VALENTINO;14508
14611;DAVID BECKHAM;18069
14612;ERMENEGILDO ZEGNA;14508
14613;ANTONIO BANDERAS;18069
14614;GANT;18069
14615;CREED;14508
14616;JUSTIN BIEBER;18069
14617;PAL ZILERI;14508
14618;LALIQUE;14508
14619;UMBRO;18069
14620;EVERLAST;18069
14621;GURU;18069
14622;BRUMMEL;18069
14623;VARON DANDY;18069
14624;BENTLEY;14508
14625;VERA WANG;18069
14626;JAGUAR;14508
14627;ZIPPO;18069
14628;FENDI;14508
14629;AGUA DE SEVILLA;18069
14630;BREIL;18069
14631;LEONARD PARIS;14508
14632;MALINA VASANTI;18069
14633;MISTRAL;18069
14634;MONTANA;14508
14635;KARL LAGERFELD;14508
14636;L'ARTISAN PARFUMEUR;14508
14637;PENHALIGON'S;14508
14638;AMERICAN CREW;14508
14639;MANGO;18069
14641;FC BARCELONA;18069
14642;ULRIC DE VARENS;18069
14643;SERGE LUTENS;14508
14645;DESIGUAL;18069
14646;REAL MADRID;18069
14648;JIMMY CHOO;14508
14649;DON ALGODÓN;18069
14650;EMANUEL UNGARO;14508
14652;ETIENNE AIGNER;14508
14653;VESPA;18069
14654;ALYSSA ASHLEY;14508
14655;PARFUMS GRÈS;14508
14656;SALVADOR DALI;18069
14657;LA MARTINA;18069
14658;CONCEPT V DESIGN;18069
14659;CARIBBEAN JOE;18069
14660;DUNHILL LONDON;14508
14661;POLICE;14508
14662;CARON;14508
14663;DENIM;18069
14664;GOTAS FRESCAS;18069
14665;INSTITUTO ESPAÑOL;18069
14666;AIRE DE SEVILLA;18069
14667;ADAM LEVINE;18069
14668;BRISEIS;18069
14669;CLEAN;14508
14671;REMINISCENCE;14508
14672;HALSTON;14508
14673;JACQUES BOGART;14508
14674;KIM KARDASHIAN;18069
14675;JEAN-LOUIS SCHERRER;14508
14676;ELIZABETH  ARDEN;14508
14677;NASOMATTO;14508
14678;COMME DES GARÇONS;14508
14680;HOLLISTER;14508
14681;ZADIG & VOLTAIRE;14508
14682;AMOUAGE;14508
14683;ABERCROMBIE & FITCH;14508
14684;BALDESSARINI;14508
14685;MONOTHEME;14508
14686;COMPTOIR SUD PACIFIQUE;14508
14687;VISCONTI DI MODRONE;18069
14688;VICTOR;18069
14689;ADOLFO DOMINGUEZ;14509
14690;GIORGIO ARMANI;14509
14691;AZZARO;14509
14692;BURBERRY;14509
14693;CALVIN KLEIN;14509
14694;CAROLINA HERRERA;14509
14695;DAVIDOFF;14509
14696;HUGO BOSS;14509
14697;ISSEY MIYAKE;14509
14698;JEAN PAUL GAULTIER;14509
14699;PACO RABANNE;14509
14700;MUGLER;14509
14701;BIOTHERM;14509
14702;CLINIQUE;14509
14703;DOLCE & GABBANA;14509
14704;HERMÈS;14509
14705;JOOP;14509
14706;LACOSTE;14509
14707;NIKOS;14509
14708;OLD SPICE;18069
14710;YVES SAINT LAURENT;14509
14711;CLARINS;14509
14712;ARAMIS;14509
14713;ARMAND BASI;14509
14714;BVLGARI;14509
14715;CARTIER;14509
14716;CERRUTI;14509
14718;GUCCI;14509
14719;JIL SANDER;14509
14720;PRADA;14509
14721;TOMMY HILFIGER;14509
14722;TOUS;14509
14723;CHANEL;14509
14724;DIOR;14509
14725;LOEWE;14509
14726;MARC JACOBS;14509
14727;NARCISO RODRIGUEZ;14509
14728;KENZO;14509
14729;ANGEL SCHLESSER;14509
14730;GIVENCHY;14509
14733;COLLISTAR;14509
14734;GILLETTE;18069
14735;L'OCCITANE;14509
14737;ACQUA DI PARMA;14509
14738;MERCEDES BENZ;14509
14739;LAB SERIES;14509
14740;FLOÏD;18069
14741;AMERICAN CREW;14509
14742;GIANFRANCO FERRÉ;14509
14743;4711;14509
14744;AVEDA;14509
14745;ROBERTO CAVALLI;14509
14746;AXE;18069
14747;SHISEIDO;14509
14748;THE BLUEBEARDS REVENGE;14509
14749;MANDARINA DUCK;14509
14751;DSQUARED2;14509
14752;KARL LAGERFELD;14509
14753;PAL ZILERI;14509
14754;MONTBLANC;14509
14755;BOUCHERON;14509
14756;VALENTINO;14509
14757;GUERLAIN;14509
14758;ANNE MÖLLER;14509
14760;ALQVIMIA;14509
14762;BYBLOS;18069
14763;GAI MATTIOLO;18069
14765;ICEBERG;18069
14766;MAUBOUSSIN;18069
14768;MONTANA;14509
14770;SOMATOLINE;14509
14772;PINO SILVESTRE;18069
14774;NIVEA;18069
14775;BABARIA;18069
14776;BETER;18069
14777;ERMENEGILDO ZEGNA;14509
14778;BENTLEY;14509
14779;LALIQUE;14509
14781;ETIENNE AIGNER;14509
14782;DOVE;18069
14783;LIDA;18069
14784;PARFUMS GRÈS;14509
14785;SKEYNDOR;14509
14786;VIKTOR & ROLF;14509
14787;TRUSSARDI;14509
14788;JAGUAR;14509
14789;TULIPÁN NEGRO;18069
14794;ZADIG & VOLTAIRE;14509
14795;SANEX ;18069
14796;ABERCROMBIE & FITCH;14509
14797;BALDESSARINI;14509
14798;BIOTHERM;14510
14799;CLINIQUE;14510
14800;LANCÔME;14510
14801;SHISEIDO;14510
14802;LAB SERIES;14510
14803;CLARINS;14510
14804;DECLÉOR;14510
14805;HUGO BOSS;14510
14806;COLLISTAR;14510
14807;DIOR;14510
14808;ISSEY MIYAKE;14510
14809;VICHY;14510
14811;ANNE MÖLLER;14510
14812;ADOLFO DOMINGUEZ;14510
14813;NUXE;18069
14814;L'ORÉAL PARIS;14510
14815;ACQUA DI PARMA;14510
14816;THALGO;14510
14819;LEA;18069
14820;WILLIAMS EXPERT;18069
14821;LA TOJA;18069
14823;SKEYNDOR;14510
14826;VIKTOR & ROLF;14510
14828;TRUSSARDI;14510
14829;GIVENCHY;14510
14832;JAGUAR;14510
14833;PRORASO;18069
14834;JEANNE PIAUBERT ;14510
14835;PAYOT;14510
14836;SISLEY;14510
14837;ERMENEGILDO ZEGNA;14511
14838;CALVIN KLEIN;14511
14839;TOMMY HILFIGER;14511
14840;ZIPPO;18091
18091;Gifts;18027
14841;HUGO BOSS;14511
14843;DOLCE & GABBANA;14511
14844;GUCCI;14511
14845;ROCHAS;14511
14846;LAURA BIAGIOTTI;14511
14847;LACOSTE;14511
14848;BVLGARI;14511
14849;GIVENCHY;14511
14850;KENZO;14511
14851;ULRIC DE VARENS;18091
14852;HERMÈS;14511
14853;GUERLAIN;14511
14854;DIOR;14511
14855;PACO RABANNE;14511
14856;AZZARO;14511
14857;RALPH LAUREN;14511
14858;YVES SAINT LAURENT;14511
14859;CLARINS;14511
14860;BURBERRY;14511
14861;BOUCHERON;14511
14862;MONTBLANC;14511
14863;NARCISO RODRIGUEZ;14511
14864;JEAN PAUL GAULTIER;14511
14865;ISSEY MIYAKE;14511
14866;CARTIER;14511
14867;MUGLER;14511
14868;SISLEY;14511
14869;SHISEIDO;14511
14870;GIORGIO ARMANI;14511
14871;BIOTHERM;14511
14872;DAVIDOFF;14511
14873;MARC JACOBS;14511
14874;JIL SANDER;14511
14875;JOOP;14511
14876;ROBERTO CAVALLI;14511
14877;4711;14511
14878;OLD SPICE;18091
14879;GILLETTE;18091
14880;DENIM;18091
14881;MOSCHINO;14511
14883;VERSACE;18091
14884;DSQUARED2;14511
14885;COLLISTAR;14511
14886;ACQUA DI PARMA;14511
14887;SALVATORE FERRAGAMO;14511
14888;ADOLFO DOMINGUEZ;14511
14889;MASSIMO DUTTI;18091
14890;PUIG;18091
14891;VICTORIO & LUCCHINO;18091
14892;CAROLINA HERRERA;14511
14893;PACHA;18091
14894;ANTONIO BANDERAS;18091
14895;VALENTINO;14511
14896;MANGO;18091
14898;TABAC ORIGINAL;18091
14899;NIKE;18091
14901;LOEWE;14511
14903;ANGEL SCHLESSER;14511
14904;ARMAND BASI;14511
14905;MANDARINA DUCK;14511
14906;ROBERTO VERINO;14511
14907;HALLOWEEN;14511
14908;PRADA;14511
14909;TOUS;14511
14910;VICINANZA;18091
14911;KARL LAGERFELD;14511
14912;CERRUTI;14511
14913;AMERICAN CREW;14511
14915;CONCEPT V DESIGN;18091
14916;INSTITUTO ESPAÑOL;18091
14917;DOVE;18091
14918;ADIDAS;18091
14920;ETIENNE AIGNER;14511
14921;CARIBBEAN JOE;18091
14922;JAGUAR;14511
14923;LAMBRETTA;18091
14924;JIGSAW INTERNATIONAL;18091
14925;TRUSSARDI;14511
14926;REAL MADRID;18091
14927;JIMMY CHOO;14511
14928;FC BARCELONA;18091
14929;ATLETICO DE MADRID;18091
14930;DON ALGODÓN;18091
14932;VIKTOR & ROLF;14511
14934;KÉRASTASE;14511
14935;BENTLEY;14511
14936;SKEYNDOR ;14511
14938;ZADIG & VOLTAIRE;14511
14940;STAR WARS;18091
14941;ABERCROMBIE & FITCH;14511
14942;HOLLISTER;14511
14943;L'ORÉAL PARIS;14512
14944;REDKEN;14512
14945;ALTERNA;14512
14946;TIGI;14512
14947;COLLISTAR;14512
14948;AMERICAN CREW;14512
14950;LAB SERIES;14512
14951;SCHWARZKOPF;14512
14952;ICON;14512
14954;CLARINS;14512
14955;GIORGI LINE;18069
14956;SHISEIDO;14512
14957;SENSAI;14512
14958;INTRAGEN INSTITUTE;14512
14959;KÉRASTASE;14512
14960;NATURTINT ;18069
14961;ADOLFO DOMINGUEZ;14498
14962;ALVAREZ GÓMEZ;18048
18048;Perfumery;18027
14963;ALYSSA ASHLEY;14498
14964;ANGEL SCHLESSER;14498
14965;ARMAND BASI;14498
14966;GIORGIO ARMANI;14498
14967;AZZARO;14498
14968;BALENCIAGA;14498
14969;BRITNEY SPEARS;18048
14970;BVLGARI;14498
14971;BURBERRY;14498
14972;CACHAREL;14498
14973;CALVIN KLEIN;14498
14974;CAROLINA HERRERA;14498
14975;CARTIER;14498
14976;CERRUTI;14498
14977;CHOPARD;14498
14978;CLINIQUE;14498
14979;CUSTO;18048
14980;DAVIDOFF;14498
14981;DOLCE & GABBANA;14498
14982;DONNA KARAN;14498
14983;ED HARDY;18048
14984;ELIZABETH ARDEN;14498
14985;ESCADA;14498
14986;ESTÉE LAUDER;14498
14987;GIORGIO BEVERLY HILLS;14498
14988;GIVENCHY;14498
14989;GUCCI;14498
14990;GUERLAIN;14498
14991;GUY LAROCHE;14498
14992;PARFUMS GRÈS;14498
14993;HERMÈS;14498
14994;HUGO BOSS;14498
14995;ISSEY MIYAKE;14498
14996;JEAN PAUL GAULTIER;14498
14997;JENNIFER LOPEZ;14498
14998;HALLOWEEN;14498
14999;JIL SANDER;14498
15000;JOOP;14498
15001;JUICY COUTURE;14498
15002;KENZO;14498
15003;LACOSTE;14498
15004;LANCASTER;14498
15005;LANCÔME;14498
15006;LAURA BIAGIOTTI;14498
15007;LOEWE;14498
15008;LOLITA LEMPICKA;14498
15009;MARC JACOBS;14498
15010;MONTBLANC;14498
15011;MOSCHINO;14498
15012;NARCISO RODRIGUEZ;14498
15013;NINA RICCI;14498
15015;PACO RABANNE;14498
15016;VICTORIO & LUCCHINO;18048
15017;VIKTOR & ROLF;14498
15018;VERSACE;18048
15019;ROBERTO VERINO;14498
15020;GLORIA VANDERBILT;18048
15021;SLAVA ZAÏTSEV;18048
15022;VAN CLEEF & ARPELS;14498
15023;TOUS;14498
15024;TOMMY HILFIGER;14498
15025;TOM FORD;14498
15026;MUGLER;14498
15027;SHAKIRA;18048
15028;SARAH JESSICA PARKER;14498
15029;ROCHAS;14498
15030;ROBERTO CAVALLI;14498
15031;RALPH LAUREN;14498
15032;PRADA;14498
15033;PAUL SMITH;14498
15034;PALOMA PICASSO;14498
15036;BIOTHERM;14498
15037;HELENA RUBINSTEIN;14498
15038;LA PRAIRIE;14498
15039;SHISEIDO;14498
15040;SISLEY;14498
15041;L'OCCITANE;14498
15042;CHLOÉ;14498
15043;MASSIMO DUTTI;18048
15044;MANDARINA DUCK;14498
15045;OSCAR DE LA RENTA;14498
15046;YVES SAINT LAURENT;14498
15047;VIVIENNE WESTWOOD;14498
15048;4711;14498
15049;REVLON;14498
15050;ACQUA DI PARMA;14498
15051;BRUNO BANANI;18048
15052;DSQUARED2;14498
15053;ELIE SAAB;14498
15054;TARTINE ET CHOCOLAT;14498
15055;MICHAEL KORS;14498
15056;SWAROVSKI;14498
15057;DIOR;14498
15058;BOUCHERON ;14498
15059;LANVIN;14498
15060;VALENTINO;14498
15061;EL CHARRO;18048
15062;JOHN RICHMOND;18048
15063;KALOO;18048
15064;JEAN-LOUIS SCHERRER;14498
15065;AQUOLINA;14498
15066;ROGER & GALLET;14498
15067;MONSTER HIGH;18048
15069;CLARINS;14498
15070;BOTTEGA VENETA;14498
15071;GIANFRANCO FERRÉ;14498
15072;CARITA;14498
15073;ALBERTA FERRETTI;14498
15074;COURRÈGES;14498
15075;JUSTIN BIEBER;18048
15076;TRUSSARDI;14498
15077;EMANUEL UNGARO;14498
15078;PRANARÔM;18048
15079;MADONNA;18048
15080;SERGE LUTENS;14498
15081;TERRY DE GUNZBURG;14498
15082;RAMON MOLVIZAR;14498
15083;LADY GAGA;18048
15084;HELLO KITTY;18048
15085;MISS SIXTY;14498
15086;JIMMY CHOO;14498
15087;DAVID BECKHAM;18048
15088;SALVATORE FERRAGAMO;14498
15089;ONE DIRECTION;18048
15090;AGATHA RUIZ DE LA PRADA;18048
15091;BOURJOIS;18048
15092;ANGRY BIRDS;18048
15093;MARIAH CAREY;18048
15094;CREED;14498
15095;ATKINSONS;14498
15096;MONTANA;14498
15097;PLAYBOY;18048
15098;REPETTO PARIS;14498
15099;LALIQUE;14498
15100;REMINISCENCE;14498
15101;TED LAPIDUS;14498
15102;DISNEY;18048
15103;ALEJANDRO SANZ;18048
15104;PUIG;18048
15105;OILILY;18048
15106;VERA WANG;18048
15107;ADIDAS;18048
15108;SPONGE BOB;18048
15109;DAVID BISBAL;18048
15110;GURU;18048
15111;ANOUK;18048
15112;AGUA DE SEVILLA;18048
15113;ALQVIMIA;14498
15114;ANNE MÖLLER;14498
15115;LA PERLA;14498
15116;ANNA SUI;14498
15117;JAGUAR;14498
15118;FENDI;14498
15119;DESIGUAL;18048
15121;POMELLATO;14498
15122;BLUMARINE;14498
15123;BYBLOS;18048
15124;ICEBERG;18048
15125;LANCETTI;18048
15126;LEONARD PARIS;14498
15127;MALINA VASANTI;18048
15128;MAUBOUSSIN;18048
15129;MISTRAL;18048
15130;MORGAN;18048
15131;NAF NAF;14498
15132;NIKE;18048
15133;PIERRE BALMAIN;14498
15134;POLICE;14498
15135;VISCONTI DI MODRONE;18048
15136;KARL LAGERFELD;14498
15137;MARVEL;18048
15138;KENNETH COLE;14498
15139;L'ARTISAN PARFUMEUR;14498
15140;PENHALIGON'S;14498
15141;COLLISTAR;14498
15143;ORLANE;14498
15144;FLOR DE MAYO;18048
15145;BIEN ETRE;18048
15147;DIANE VON FURSTENBERG;14498
15148;JULIETTE HAS A GUN;14498
15149;JEAN PATOU;14498
15150;BRONNLEY ENGLAND;18048
15151;ALAIA PARIS;14498
15152;L'ORÉAL PARIS;14498
15153;DON ALGODÓN;18048
15154;FA;18048
15155;GOTAS FRESCAS;18048
15156;INSTITUTO ESPAÑOL;18048
15157;PETIT CHERI;18048
15158;BABARIA;18048
15159;ETIENNE AIGNER;14498
15160;JOHNSON'S;18048
15161;VESPA;18048
15162;SALVADOR DALI;18048
15163;ULRIC DE VARENS;18048
15164;TWILIGHT;18048
15165;LA MARTINA;18048
15166;CONCEPT V DESIGN;18048
15167;BETER;18048
15168;CARIBBEAN JOE;18048
15169;JESSE MCCARTNEY;18048
15170;RAMPAGE;18048
15171;JACADI;14498
15173;BEYONCÉ;18048
15174;LATE CHOCOLATE;18048
15175;EAU JEUNE;18048
15176;MAYFER PERFUMES;18048
15177;NATURAL HONEY;18048
15178;CLAIR MATIN;18048
15179;MOUSSEL;18048
15180;AIRE DE SEVILLA;18048
15181;DENENES;18048
15182;PEPPA PIG;18048
15183;SENSAI;14498
15184;AXE;18048
15185;TULIPÁN NEGRO;18048
15186;ADAM LEVINE;18048
15187;BRISEIS;18048
15188;VELVET;18048
15189;MADERAS DE ORIENTE;18048
15190;AGENT PROVOCATEUR;14498
15191;CLEAN;14498
15192;TAYLOR SWIFT;18048
15193;KATY PERRY;18048
15194;PALMARIA MALLORCA;14498
15195;LIU·JO;14498
15196;MIU MIU;14498
15197;JEAN COUTURIER ;18048
15198;KIM KARDASHIAN;18048
15199;ROBERTO TORRETTA;14498
15200;NASOMATTO;14498
15202;COMME DES GARÇONS;14498
15203;HOLLISTER;14498
15204;ZADIG & VOLTAIRE;14498
15205;AMOUAGE;14498
15206;KOKESHI;14498
15207;IMPERIO LUSSO;14498
15208;NICKELODEON;18048
15209;COMPTOIR SUD PACIFIQUE;14498
15211;ADOLFO DOMINGUEZ;14499
15212;GIORGIO ARMANI;14499
15213;BVLGARI;14499
15214;BURBERRY;14499
15215;CACHAREL;14499
15216;CHLOÉ;14499
15217;DAVIDOFF;14499
15218;DOLCE & GABBANA;14499
15219;ESTÉE LAUDER;14499
15220;ISSEY MIYAKE;14499
15221;JEAN PAUL GAULTIER;14499
15222;LANCASTER;14499
15223;NARCISO RODRIGUEZ;14499
15224;MUGLER;14499
15225;BIOTHERM;14499
15226;CLINIQUE;14499
15227;CAROLINA HERRERA;14499
15228;DONNA KARAN;14499
15229;HUGO BOSS;14499
15230;KENZO;14499
15231;LACOSTE;14499
15232;LANCÔME;14499
15233;PACO RABANNE;14499
15234;ROCHAS;14499
15235;GLORIA VANDERBILT;18062
18062;Body Care;18027
15236;CLARINS;14499
15237;VICTORIO & LUCCHINO;18062
15238;4711;14499
15239;ALVAREZ GÓMEZ;18062
15240;ALYSSA ASHLEY;14499
15241;BALENCIAGA;14499
15242;CALVIN KLEIN;14499
15243;CARTIER;14499
15244;GIVENCHY;14499
15245;GUCCI;14499
15246;PRADA;14499
15247;L'OCCITANE;14499
15248;CHANEL;14499
15249;DIOR;14499
15250;CUSTO;18062
15251;LAURA BIAGIOTTI;14499
15252;ELIE SAAB;14499
15253;LOEWE;14499
15254;MARC JACOBS;14499
15255;NINA RICCI;14499
15256;SWAROVSKI;14499
15257;TOUS;14499
15258;VIKTOR & ROLF;14499
15259;COLLISTAR;14499
15260;ACQUA DI PARMA;14499
15261;GUERLAIN;14499
15262;HERMÈS;14499
15263;JUICY COUTURE;14499
15264;VERSACE;18062
15265;JIL SANDER;14499
15266;SHISEIDO;14499
15267;BOUCHERON;14499
15268;SHAKIRA;18062
15269;ELIZABETH ARDEN;14499
15270;SISLEY;14499
15271;LA PRAIRIE;14499
15272;HELENA RUBINSTEIN;14499
15273;YVES SAINT LAURENT;14499
15274;AQUOLINA;14499
15275;AVEDA;14499
15276;ANGEL SCHLESSER;14499
15277;BOTTEGA VENETA;14499
15278;BABOR;14499
15279;EVE LOM;14499
15280;VALMONT;14499
15281;BRITNEY SPEARS;18062
15282;ESCADA;14499
15283;DECLÉOR;14499
15284;PEPPA PIG;18062
15285;REGEN OIL;18062
15286;ROBERTO CAVALLI;14499
15287;SARAH JESSICA PARKER;14499
15288;VALENTINO;14499
15289;BOURJOIS;18062
15290;ROGER & GALLET;14499
15291;ALQVIMIA;14499
15292;OILILY;18062
15293;RODIAL;14499
15294;OPI;14499
15295;ANNE MÖLLER;14499
15296;DAVID BISBAL;18062
15297;JOHNSON'S;18062
15298;MUSTELA;18062
15299;ARUAL;18062
15300;AXE;18062
15301;CLARISONIC;14499
15302;CARMEX;18062
15303;DUNHILL LONDON;14499
15304;CHICCO;18062
15305;CUTEX;18062
15306;BELLA AURORA;18062
15307;PARFUMS GRÈS;14499
15308;JUVENA;14499
15309;MANDARINA DUCK;14499
15310;REMINISCENCE;14499
15311;MAUBOUSSIN;18062
15312;ANNA SUI;14499
15313;BYBLOS;18062
15314;CLARA;18062
15315;COURRÈGES;14499
15316;GAI MATTIOLO;18062
15317;GIORGIO BEVERLY HILLS;14499
15318;HALLOWEEN;14499
15319;SENSAI;14499
15320;MISTRAL;18062
15321;MONTANA;14499
15322;MORGAN;18062
15323;CERRUTI;14499
15324;RALPH LAUREN;14499
15325;REDUMODEL;18062
15326;ROBERTO VERINO;14499
15327;SERGIO TACCHINI;18062
15328;SOMATOLINE;14499
15329;TOMMY HILFIGER;14499
15330;NUXE;18062
15331;KARL LAGERFELD;14499
15334;CARITA;14499
15335;COMODYNES;18062
15336;EVELINE;18062
15337;ORLANE;14499
15338;NATURA CANARIA;18062
15339;NATURA BISSÉ;14499
15340;ANUBIS;14499
15341;THALGO;14499
15342;JIMMY CHOO;14499
15343;BIODERMA;18062
15345;NIVEA;18062
15346;BABARIA;18062
15347;DISNEY;18062
15348;SPONGE BOB;18062
15349;PENHALIGON'S;14499
15350;PRANARÔM;18062
15351;BETER;18062
15352;LALIQUE;14499
15353;PUIG;18062
15354;INSTITUTO ESPAÑOL;18062
15355;EUDERMIN;18062
15356;LA TOJA;18062
15357;FA;18062
15358;HENO DE PRAVIA;18062
15359;ETIENNE AIGNER;14499
15360;DOVE;18062
15361;LIDA;18062
15362;NELIA;18062
15363;HANSAPLAST;18062
15364;LE PETIT MARSEILLAIS;18062
15365;BADEDAS;18062
15367;SKEYNDOR;14499
15368;LA ROCHE POSAY;14499
15369;BEL;18062
15370;AGRADO;18062
15371;ANIAN;18062
15372;SANEX;18062
15373;LACTOVIT;18062
15374;AVENA KINESIA;18062
15375;NEUTROGENA;14499
15376;NATURAL HONEY;18062
15377;BELMAN;18062
15378;ACTIBEL;18062
15379;CALYPSO;18062
15380;NEVA;18062
15381;MOUSSEL;18062
15382;BYLY;18062
15383;ATRIX;18062
15384;FAMOS;18062
15385;UMBRO;18062
15386;COULEUR CARAMEL;18062
15387;GISÈLE DENIS;18062
15388;GIANFRANCO FERRÉ;14499
15390;CARIZZIA;18062
15391;LA PHYTO;18062
15392;PQ PLANTACION QUEDIU;18062
15393;SUAVIPIEL;18062
15394;DENENES;18062
15395;ASEPTINE;18062
15396;INNOATEK;18062
15397;E. KORONIS;18062
15398;MAYFER PERFUMES;18062
15399;JAGUAR;14499
15400;PAYOT;14499
15401;JOOP;14499
15402;SLAVA ZAÏTSEV;18062
15403;TULIPÁN NEGRO;18062
15404;HELLO KITTY;18062
15405;INGRID MILLET PARIS ;14499
15406;MIU MIU;14499
15407;LA MER;14499
15408;ALAIA PARIS;14499
15409;TRUSSARDI;14499
15410;JEAN COUTURIER;18062
15411;JEANNE PIAUBERT ;14499
15412;AYER;18062
15413;DON ALGODÓN;18062
15415;SKIN79;14499
15416;GARNIER;18062
15417;WELEDA;14499
15418;NATURALIUM ;18062
15419;REVLON;14499
15420;ZADIG & VOLTAIRE;14499
15421;MOSCHINO;14499
15422;vichy;14499
15423;ADIDAS;18062
15424;MAJA;18062
15425;NICKELODEON;18062
15426;MARVIS;18062
15427;NESTI DANTE;18062
15428;BIOTHERM;14500
15429;CLARINS;14500
15430;CLINIQUE;14500
15431;DIOR;14500
15432;ESTÉE LAUDER;14500
15433;LANCASTER;14500
15434;SENSAI;14500
15435;LA MER;14500
15436;LANCÔME;14500
15437;LA PRAIRIE;14500
15438;NATURA BISSÉ;14500
15439;SHISEIDO;14500
15440;SISLEY;14500
15441;CHANEL;14500
15442;GUERLAIN;14500
15443;HELENA RUBINSTEIN;14500
15444;ADOLFO DOMINGUEZ;14500
15445;DECLÉOR;14500
15446;L'OCCITANE;14500
15447;VALMONT;14500
15448;ELIZABETH ARDEN;14500
15449;CARITA;14500
15450;COLLISTAR;14500
15451;GARNIER;18034
18034;Skin Care;18027
15452;JUVENA;14500
15453;ROGER & GALLET;14500
15454;ACQUA DI PARMA;14500
15455;YVES SAINT LAURENT;14500
15456;L'ORÉAL PARIS;14500
15457;PAYOT;14500
15458;NUXE;18034
15459;ALQVIMIA;14500
15460;RODIAL;14500
15461;VICHY;14500
15462;BEAUTÉ MEDITERRANEA;18034
15463;SEANERGY;18034
15464;ANNE MÖLLER;14500
15465;EVE LOM;14500
15466;BELLA AURORA;18034
15467;NEUTROGENA;14500
15468;ORLANE;14500
15469;COMODYNES;18034
15470;NATURA CANARIA;18034
15471;EVELINE;18034
15472;OLAY;18034
15473;CHEN YU;18034
15474;VELDS;18034
15475;BIODERMA;18034
15476;ANUBIS;14500
15477;COULEUR CARAMEL;18034
15478;SUISKIN;14500
15479;THALGO;14500
15481;NIVEA;18034
15482;BABARIA;18034
15483;BETER;18034
15484;DIADERMINE;18034
15485;STENDHAL;14500
15486;BELLA VITA;18034
15487;SKEYNDOR;14500
15488;LA ROCHE POSAY;14500
15489;HAMMAME;18034
15490;BEL;18034
15491;FRANCIS;18034
15492;VOUS;18034
15493;POND'S INSTITUTE;18034
15494;AVÈNE;14500
15495;LA PHYTO;18034
15496;PQ PLANTACION QUEDIU;18034
15497;INNOATEK;18034
15498;DERMATINA COSMETICS;18034
15499;JAGUAR;14500
15500;EOS;14500
15501;INGRID MILLET PARIS;14500
15502;JEANNE PIAUBERT ;14500
15503;AYER ;18034
15504;SKIN79;14500
15505;WELEDA ;14500
15506;REVITALASH;14500
15507;CLINIQUE;14501
15508;DIOR;14501
15509;ESTÉE LAUDER;14501
15510;LANCÔME;14501
15511;SHISEIDO;14501
15512;YVES SAINT LAURENT;14501
15513;GUERLAIN;14501
15514;CHANEL;14501
15515;CLARINS;14501
15516;COLLISTAR;14501
15517;HELENA RUBINSTEIN;14501
15518;SISLEY;14501
15519;SWAROVSKI;14501
15520;SENSAI;14501
15521;MAYBELLINE;14501
15522;MARKWINS;18041
18041;Makeup;18027
15523;LA PRAIRIE;14501
15524;CARITA;14501
15525;ELIZABETH ARDEN;14501
15526;LA MER;14501
15527;BIOTHERM;14501
15528;L'ORÉAL PARIS;14501
15529;BOURJOIS;18041
15530;MAVALA;18041
15531;BEYU;18041
15532;OPI;14501
15533;CUTEX;18041
15534;ORLANE;14501
15535;MADERAS DE ORIENTE;18041
15536;NUXE;18041
15537;GUYLOND PARIS;18041
15538;EVELINE;18041
15539;CHEN YU;18041
15540;PUPA;18041
15541;MAX FACTOR;18041
15542;COULEUR CARAMEL;18041
15543;THALGO;14501
15545;BETER;18041
15546;SHU UEMURA;18041
15547;BABARIA;18041
15548;DIADERMINE;18041
15549;MAGNIFIBRES;18041
15550;OILILY;18041
15551;SKEYNDOR;14501
15552;BEL;18041
15553;REVLON;14501
15554;INGRID MILLET PARIS;14501
15555;ESSIE;14501
15556;PHYSICIANS FORMULA ;18041
15557;SKIN79;14501
15559;NARS;14501
15560;MAC;14501
15561;SHISEIDO;14502
15562;SISLEY;14502
15563;SENSAI;14502
15564;KÉRASTASE;14502
15565;L'ORÉAL PARIS;14502
15566;SCHWARZKOPF;14502
15567;SEBASTIAN PROFESSIONAL;14502
15568;SEIBELLA;18055
18055;Hair;18027
15569;GHD;14502
15570;TIGI;14502
15571;WELLA;14502
15572;BIOTHERM;14502
15573;CARITA;14502
15574;COLLISTAR;14502
15575;OROFLUIDO;14502
15576;ALTERNA;14502
15577;REDKEN;14502
15578;NARCISO RODRIGUEZ;14502
15579;AMERICAN CREW;14502
15580;REVLON;14502
15581;AVEDA;14502
15582;MOROCCANOIL;14502
15583;PHILIP B;14502
15584;L'OCCITANE;14502
15585;MATRIX;14502
15586;SHU UEMURA;18055
15587;TRESEMMÉ;18055
15588;BIOPOINT;18055
15589;BEAUTÉ MEDITERRANEA;18055
15590;PUREOLOGY;14502
15591;VALMONT;14502
15592;MACADAMIA NATURAL OIL;14502
15593;TANGLE TEEZER;14502
15594;MALINA VASANTI;18055
15595;PEPPA PIG;18055
15596;MARLIES MOLLER;14502
15597;PANTENE;18055
15598;TRENDY HAIR;14502
15599;INVISIBOBBLE;14502
15601;DAVINES;14502
15602;BIODERMA;18055
15604;BABARIA;18055
15605;BETER;18055
15606;CAMOMILA INTEA;18055
15607;LLONGUERAS;18055
15608;GENIOL;18055
15609;GARNIER;18055
15610;JOHNSON'S;18055
15611;KERZO;18055
15612;INTRAGEN;14502
15614;OILILY;18055
15615;TERMIX;14502
15616;AGROCOSMETICS;18055
15617;ANIAN;18055
15618;GIORGI LINE;18055
15619;DENENES;18055
15620;AGRADO;18055
15621;AZALEA;18055
15622;ARTERO;18055
15623;ALVAREZ GÓMEZ;18055
15624;INSTITUTO ESPAÑOL;18055
15625;SEANERGY;18055
15626;NELLY;18055
15627;ABRIL ET NATURE;18055
15628;THE COSMETIC REPUBLIC;18055
15629;DICORA;18055
15630;NENUCO;18055
15631;CLYNOL;18055
15632;LANOFIL;18055
15633;RYELISS;18055
15634;TULIPÁN NEGRO;18055
15635;ICON;14502
15636;LIVING PROOF ;14502
15637;weleda ;14502
15638;NATURALIUM ;18055
15639;SIBEL ;18055
15640;VCHY;14502
15641;JOHN FRIEDA;18055
15643;PAUL MITCHELL;14502
15644;SENSCIENCE SHISEIDO;14502
15645;INTRAGEN INSTITUTE;14502
15646;SALON HITS;18055
15647;NIOXIN;18055
15648;INDOLA ;18055
15649;BATISTE DRY SHAMPOO ;18055
15650;NATURTINT ;18055
15651;CHI FAROUK;14502
15652;ESTÉE LAUDER;14503
15653;SENSAI;14503
15654;LANCASTER;14503
15655;BIOTHERM;14503
15656;CLARINS;14503
15657;CLINIQUE;14503
15658;LANCÔME;14503
15659;PIZ BUIN;18084
18084;Sun Protection;18027
15660;SISLEY;14503
15661;COLLISTAR;14503
15662;GUERLAIN;14503
15663;SHISEIDO;14503
15664;DIOR;14503
15665;LA PRAIRIE;14503
15666;HELENA RUBINSTEIN;14503
15667;DECLÉOR;14503
15668;CARITA;14503
15669;MALIBU;18084
15670;ANNE MÖLLER;14503
15671;BELLA AURORA;18084
15672;GISÈLE DENIS;18084
15673;COMODYNES;18084
15674;VICHY;14503
15675;ST. TROPEZ;14503
15676;THALGO;14503
15677;BIODERMA;18084
15678;NIVEA;18084
15679;HAWAIIAN TROPIC;18084
15680;NATURA BISSÉ;14503
15681;BABARIA;18084
15682;ADOLFO DOMINGUEZ;14503
15683;BETER;18084
15684;SKEYNDOR;14503
15685;JUVENA;14503
15686;LA MER;14503
15687;ECRAN;18084
15688;L'ORÉAL PARIS;14503
15689;DR.RIMPLER;18084
15690;DELIAL ;18084
15691;Skin Care;14504
15692;Perfumery;14504
15693;Makeup;14504
15694;Hair;14504
15695;Bath & Body;14504
15700;CLINIQUE;15691
15701;ESTÉE LAUDER;15691
15702;ELIZABETH ARDEN;15691
15703;SHISEIDO;15691
15704;LANCÔME;15691
15705;ROGER & GALLET;15691
15706;L'OCCITANE;15691
15707;GUERLAIN;15691
15708;DIOR;15691
15709;ORLANE;15691
15710;YVES SAINT LAURENT;15691
15711;CLARINS;15691
15712;DECLÉOR;15691
15713;SISLEY;15691
15714;CARITA;15691
15715;BIOTHERM;15691
15716;LANCASTER;15691
15717;SCHWARZKOPF;15691
15718;EVELINE;18091
15719;LA PRAIRIE;15691
15720;CHICCO;18091
15721;COLLISTAR;15691
15722;ADOLFO DOMINGUEZ;15691
15723;BELLA AURORA;18091
15724;ANNE MÖLLER;15691
15725;KÉRASTASE;15691
15726;MUSTELA;18091
15727;PIZ BUIN;18091
15728;NATURA BISSÉ;15691
15729;SENSAI;15691
15730;COMODYNES;18091
15731;L'ORÉAL PARIS;15691
15732;EVE LOM;15691
15733;BABARIA;18091
15734;GARNIER;18091
15735;NIVEA;18091
15736;JUVENA;15691
15737;POND'S INSTITUTE;18091
15738;SKEYNDOR ;15691
15739;OLAY;18091
15740;PAYOT;15691
15741;REVITALASH;15691
15742;CLINIQUE;15692
15743;DONNA KARAN;15692
15744;TOMMY HILFIGER;15692
15745;ROCHAS;15692
15746;ELIZABETH ARDEN;15692
15747;ANGRY BIRDS;18091
15748;MARIAH CAREY;18091
15749;LACOSTE;15692
15750;HUGO BOSS;15692
15751;GUCCI;15692
15753;DOLCE & GABBANA;15692
15754;ESCADA;15692
15755;BVLGARI;15692
15756;ESTÉE LAUDER;15692
15757;NINA RICCI;15692
15758;LANCÔME;15692
15759;L'OCCITANE;15692
15760;GIVENCHY;15692
15761;KENZO;15692
15762;TARTINE ET CHOCOLAT;15692
15764;HERMÈS;15692
15765;GUERLAIN;15692
15766;DIOR;15692
15767;PACO RABANNE;15692
15768;YVES SAINT LAURENT;15692
15769;BURBERRY;15692
15770;TOUS;15692
15771;VAN CLEEF & ARPELS;15692
15772;BOUCHERON;15692
15773;PIERRE BALMAIN;15692
15774;JIMMY CHOO;15692
15775;KARL LAGERFELD;15692
15776;DAVIDOFF;15692
15777;ISSEY MIYAKE;15692
15778;JEAN PAUL GAULTIER;15692
15779;NARCISO RODRIGUEZ;15692
15780;ELIE SAAB;15692
15781;CARTIER;15692
15782;MUGLER;15692
15783;SWAROVSKI;15692
15784;SISLEY;15692
15785;ALYSSA ASHLEY;15692
15786;LOLITA LEMPICKA;15692
15787;REMINISCENCE;15692
15788;SHISEIDO;15692
15789;GIORGIO ARMANI;15692
15790;CACHAREL;15692
15791;RALPH LAUREN;15692
15792;LANCASTER;15692
15793;CALVIN KLEIN;15692
15794;JIL SANDER;15692
15795;MARC JACOBS;15692
15796;BALENCIAGA;15692
15797;CHLOÉ;15692
15798;ROBERTO CAVALLI;15692
15799;COURRÈGES;15692
15800;KALOO;18091
15801;HELLO KITTY;18091
15802;4711;15692
15803;TRAVALO;18091
15804;PARFUMS GRÈS;15692
15805;MOSCHINO;15692
15807;DSQUARED2;15692
15808;ACQUA DI PARMA;15692
15809;SALVATORE FERRAGAMO;15692
15810;ADOLFO DOMINGUEZ;15692
15813;AGATHA RUIZ DE LA PRADA;18091
15814;CAROLINA HERRERA;15692
15815;VALENTINO;15692
15819;SPRINGFIELD;18091
15821;SHAKIRA;18091
15822;DAVID BUSTAMANTE;18091
15823;MALÚ;18091
15824;ALVAREZ GÓMEZ;18091
15825;LOEWE;15692
15826;ALEJANDRO SANZ;18091
15827;ANNE MÖLLER;15692
15828;DAVID BISBAL;18091
15829;ANGEL SCHLESSER;15692
15830;ARMAND BASI;15692
15831;MANDARINA DUCK;15692
15832;CUSTO;18091
15833;AGUA DE SEVILLA;18091
15834;ROBERTO VERINO;15692
15835;HALLOWEEN;15692
15836;DESIGUAL;18091
15837;BENETTON;18091
15838;PRADA;15692
15840;TRUSSARDI;15692
15841;JENNIFER LOPEZ;15692
15842;OSCAR DE LA RENTA;15692
15843;LALIQUE;15692
15844;LADY GAGA;18091
15845;AIRE DE SEVILLA;18091
15846;GIORGIO BEVERLY HILLS;15692
15847;GURU;18091
15848;CHANTAL THOMASS;18091
15850;TWILIGHT;18091
15851;OILILY;18091
15852;REPETTO PARIS;15692
15854;JAGUAR;15692
15856;JOHN RICHMOND;18091
15857;BEVERLY HILLS POLO CLUB;18091
15858;ALAIA PARIS;15692
15860;DISNEY;18091
15861;MICHAEL KORS;15692
15862;AXE;18091
15863;BRITNEY SPEARS;18091
15864;ELIZABETH TAYLOR;15692
15865;VESPA;18091
15866;BOTTEGA VENETA;15692
15867;VIKTOR & ROLF;15692
15868;ROGER & GALLET;15692
15869;KATY PERRY;18091
15870;KOKESHI;15692
15872;ZADIG & VOLTAIRE;15692
15873;MIU MIU;15692
15874;SANTORO LONDON;18091
15875;HOLLISTER;15692
15877;ESTÉE LAUDER;15693
15878;DIOR;15693
15879;YVES SAINT LAURENT;15693
15880;CLARINS;15693
15881;HELENA RUBINSTEIN;15693
15882;LANCÔME;15693
15883;COLLISTAR;15693
15885;MAX FACTOR;18091
15886;CLINIQUE;15693
15887;REVLON;15693
15888;OPI;15693
15889;ELIZABETH ARDEN;15693
15890;KÉRASTASE;15694
15891;SCHWARZKOPF;15694
15892;TIGI;15694
15893;AMERICAN CREW;15694
15894;L'ORÉAL PARIS;15694
15895;OROFLUIDO;15694
15896;PEPPA PIG;18091
15897;TRESEMMÉ;18091
15898;REVLON;15694
15899;GIORGI LINE;18091
15900;WELLA;15694
15901;TIMOTEI;18091
15902;TERMIX;15694
15903;HERBAL ESSENCES;18091
15904;MOROCCANOIL;15694
15905;INTRAGEN INSTITUTE;15694
15906;NIOXIN ;18091
15908;MARVEL;18091
15910;BIOTHERM;15695
15911;ELIZABETH ARDEN;15695
15912;L'OCCITANE;15695
15914;LIDA;18091
15915;HENO DE PRAVIA;18091
15916;COLLISTAR;15695
15917;ANNE MÖLLER;15695
15919;TECHNIC;18091
15921;SUAVIPIEL;18091
15922;CLINIQUE;15695
15923;CARITA;15695
15924;SKEYNDOR ;15695
15925;OPI;15695
15936;Dermocosmetics;14507
15937;Sun;14507
15938;Hair;14507
15939;Nutrition;14507
15940;Health;14507
15941;Infants;14507
15942;Dental;14507
15943;Facial Care;15936
15944;Body Care;15936
15945;Body Hygiene;15936
15946;Lips;15936
15947;Makeup;15936
15948;Atopic and Sensitive Skins;15936
15949;Rosacea;15936
15950;Acne;15936
15951;Spotted Skin;15936
15952;Men;15936
15953;KORRES;15943
15954;APIVITA;15943
15955;BIODERMA;15943
15956;CUMLAUDE;15943
15957;ENDOCARE;15943
15958;EUCERIN;15943
15959;FILORGA ;15943
15960;HELIOCARE;15943
15961;LIERAC;15943
15962;MARTIDERM;15943
15963;NEORETIN;15943
15964;NEOSTRATA;15943
15965;RILASTIL;15943
15966;SENSILIS;15943
15967;SESDERMA;15943
15968;SVR;15943
15969;BELLA AURORA;15943
15970;NOVIDERM;15943
15971;COMODYNES;15943
15972;WELEDA;15943
15973;ROC;15943
15974;MELVITA ;15943
15975;CETAPHIL;15943
15977;AVÈNE;15943
15978;TALIKA;15943
15979;VICHY;15943
15980;LA ROCHE POSAY ;15943
15981;SKINCEUTICALS ;15943
15982;ISDIN ;15943
15983;KORRES;15944
15984;BIO-OIL;15944
15985;BIODERMA;15944
15986;EUCERIN;15944
15987;FILORGA ;15944
15988;LIERAC;15944
15989;MARTIDERM;15944
15990;NEOSTRATA;15944
15991;RILASTIL;15944
15992;SESDERMA;15944
15993;SVR;15944
15994;BELLA AURORA;15944
15995;WELEDA;15944
15996;ISDIN;15944
15997;MELVITA ;15944
15998;COMODYNES;15944
15999;CETAPHIL ;15944
16000;LETI;15944
16001;SEBAMED ;15944
16003;AVÈNE;15944
16004;SOMATOLINE ;15944
16005;TALIKA;15944
16006;VICHY;15944
16007;LA ROCHE POSAY ;15944
16008;SKINCEUTICALS ;15944
16009;GILLETTE ;15944
16011;KORRES;15945
16012;EUCERIN;15945
16013;SVR;15945
16014;BIODERMA;15945
16015;WELEDA;15945
16016;LIERAC;15945
16018;RILASTIL;15945
16019;SESDERMA;15945
16020;VAGINESIL;15945
16021;EVAX;15945
16022;LACTACYD;15945
16023;ROC;15945
16024;CHILLY;15945
16025;LETI;15945
16026;SEBAMED ;15945
16027;AVÈNE;15945
16028;HARTMANN;15945
16029;VICHY;15945
16030;LA ROCHE POSAY ;15945
16031;INTIMINA ;15945
16032;ROGER & GALLET;15945
16033;ISDIN;15945
16034;GINECANESGEL ;15945
16035;VEET;18062
16036;APIVITA;15946
16037;EUCERIN;15946
16038;LIERAC;15946
16039;NOVIDERM;15946
16040;BLISTEX;15946
16041;LETI;15946
16042;AVÈNE;15946
16043;HELIOCARE;15947
16044;LIERAC;15947
16045;RILASTIL;15947
16046;SENSILIS;15947
16048;AVÈNE;15947
16049;TALIKA;15947
16050;LA ROCHE POSAY ;15947
16051;ISDIN;15947
16052;BIODERMA;15948
16053;EUCERIN;15948
16054;BELLA AURORA;15948
16055;SVR;15948
16056;LETI;15948
16057;AVÈNE;15948
16058;SENSILIS;15948
16059;LA ROCHE POSAY ;15948
16060;ISDIN;15948
16061;BIODERMA;15949
16062;RILASTIL;15949
16063;SVR;15949
16064;LETI;15949
16065;AVÈNE;15949
16066;LA ROCHE POSAY ;15949
16067;SKINCEUTICALS ;15949
16068;BIODERMA;15950
16069;SVR;15950
16070;SEBAMED ;15950
16071;AVÈNE;15950
16072;LA ROCHE POSAY ;15950
16073;KORRES;15951
16074;BIODERMA;15951
16075;CUMLAUDE;15951
16076;EUCERIN;15951
16077;FILORGA ;15951
16078;NEORETIN;15951
16079;RILASTIL;15951
16080;SVR;15951
16081;BELLA AURORA;15951
16082;NOVIDERM;15951
16083;MARTIDERM;15951
16084;AVÈNE;15951
16085;LA ROCHE POSAY ;15951
16086;ISDIN;15951
16087;LIERAC;15952
16088;SESDERMA;15952
16089;EUCERIN;15952
16090;AVÈNE;15952
16091;SOMATOLINE;15952
16092;VICHY;15952
16093;GILLETTE ;15952
16094;Face;15937
16095;Body;15937
16096;After Sun;15937
16097;Hair;15937
16098;KORRES;16094
16099;BIODERMA;16094
16100;ENDOCARE;16094
16101;EUCERIN;16094
16102;HELIOCARE;16094
16103;SESDERMA;16094
16104;PIZ BUIN;16094
16105;BELLA AURORA;16094
16106;APIVITA;16094
16107;SVR;16094
16108;ISDIN;16094
16109;ROC;16094
16110;VICHY;16094
16111;KORRES;16095
16112;BIODERMA;16095
16113;EUCERIN;16095
16114;HELIOCARE;16095
16115;SESDERMA;16095
16116;PIZ BUIN;16095
16117;MUSTELA;16095
16118;ISDIN;16095
16119;SEBAMED;16095
16120;vichy;16095
16121;KORRES;16096
16122;BIODERMA;16096
16123;PIZ BUIN;16096
16124;BELLA AURORA;16096
16125;MUSTELA;16096
16126;KORRES;16097
16127;PHYTO PARIS;16097
16128;Shampoo;15938
16129;Masks and Conditioners;15938
16130;Nutricosmetics;15938
16131;Styling and Color;15938
16132;Treatments and Vials;15938
16133;KORRES;16128
16134;APIVITA;16128
16135;EUCERIN;16128
16136;PHYTO PARIS;16128
16137;WELEDA;16128
16138;FORBALD;16128
16139;LOTIGEN;16128
16140;LETI;16128
16141;VICHY;16128
16142;LA ROCHE POSAY ;16128
16143;PILEXIL ;16128
16144;isdin;16128
16145;APIVITA;16129
16146;KORRES;16129
16147;PHYTO PARIS;16129
16148;WELEDA;16129
16149;VICHY;16129
16150;PHYTO PARIS;16130
16151;MELVITA ;16130
16152;PRIORIN ;16130
16153;PHYTO PARIS;16131
16154;JUST FOR MEN;16131
16155;PHYTO PARIS;16132
16156;IRALTONE;16132
16157;MELVITA ;16132
16158;VICHY;16132
16159;LA ROCHE POSAY ;16132
16160;PILEXIL ;16132
16161;Nutricosmetics;15939
16162;Weight Control;15939
16163;Sport Nutrition;15939
16164;ENDOCARE;16161
16165;HELIOCARE;16161
16166;BIODERMA;16161
16167;PILEXIL ;16161
16168;BIMANÁN;16162
16169;XLS MEDICAL;16162
16170;SIKEN;16162
16171;Supplements;15940
16172;First Aid;15940
16173;Sexual Health;15940
16174;Eyes;15940
16175;Feet;15940
16176;Ears;15940
16177;Test;15940
16178;Animal health;15940
16180;BIMANÁN;16171
16181;VITAFLOR;16171
16182;ORTIS;16171
16183;KNEIPP;16171
16184;TIGER BALM;16172
16185;SALVELOX;16172
16186;HALLEY;16172
16187;GOIBI;16172
16188;ARNIDOL;16172
16189;RADARHEALTH;16172
16190;LISUBEL;16172
16191;FISIOCREM;16172
16192;RELEC;16172
16193;LETI;16172
16194;HARTMANN;16172
16195;DUREX;16173
16196;CONTROL;16173
16197;INTIMINA ;16173
16198;ISDIN;16173
16199;SALVELOX;16174
16200;OPTICAL ;16174
16201;DEVOR OLOR;16175
16202;FUNSOL;16175
16203;PEDISILK;16175
16204;NOTON;16176
16205;PREDICTOR;16177
16206;Hygiene;15941
16207;Hydration;15941
16208;Sensitive Skin;15941
16209;Nutrition;15941
16210;Maternal Care;15941
16211;Baby & Toddler Accessories;15941
16212;Children's;15941
16213;Electronic devices;15941
16214;LA ROCHE POSAY;15941
16215;MUSTELA;16206
16216;WELEDA;16206
16217;AVÈNE;16206
16218;CHICCO;16206
16219;MUSTELA;16207
16220;WELEDA;16207
16221;AVÈNE;16207
16222;MUSTELA;16208
16223;LETI;16208
16224;MUSTELA;16210
16225;RILASTIL;16210
16226;BIO-OIL;16210
16227;PREDICTOR;16210
16228;CHICCO;16210
16229;CHICCO;16211
16230;HARTMANN;16212
16231;Toothpastes;15942
16232;Mouthwashes;15942
16233;Toothbrushes;15942
16234;Electric Toothbrushes;15942
16235;Accessories;15942
16236;Irrigators and Accessories;15942
16237;Halitosis;15942
16238;Sores;15942
16239;VITIS;16231
16240;PERIO AID;16231
16241;ORAL-B;16231
16242;FLUOCARIL;16231
16243;WELEDA;16231
16244;ALGASIV;16231
16245;PAROGENCYL;16231
16246;VITIS;16232
16247;PERIO AID;16232
16248;WELEDA;16232
16249;FLUOCARIL;16232
16250;CB12;16232
16251;VITIS;16233
16252;INTERPROX;16233
16253;ORAL-B;16233
16254;ORAL-B;16234
16255;WATERPIK;16236
16256;INTERPROX;16236
16257;ORAL-B;16236
16258;HARTMANN;16238
16367;CHEN YU;18062
16376;L'ORÉAL PARIS;14511
16385;3LAB SKINCARE;14500
16393;ARTDECO;18041
16401;AGAVE HEALING OIL;14502
16409;BULLDOG SKINCARE;18069
16417;PAESE COSMETICS;18041
16441;STENDHAL ;15691
16449;ALTERNA;14509
16457;ALTERNA;14510
16466;AVEDA;14512
16474;ISABELLE LANCRAY ;14500
16482;ISABELLE LANCRAY ;14499
16490;ISABELLE LANCRAY ;14510
16499;LE PETIT MARSEILLAIS;18055
17837;AGUA BRAVA;18069
17846;QUORUM;18069
17854;PAULA ECHEVARRÍA;18091
17862;LAVANDA PUIG;18048
17870;LAVANDA PUIG;18069
17878;LAVANDA PUIG;18062
17934;SENSAI;15692
17968;MICHAEL KORS;14508
17969;MACHO BEARD COMPANY ;14509
17970;THALGO;14509
17972;LOLITA LEMPICKA;14511
17973;PAYOT;14511
17974;THE BLUEBEARDS REVENGE;14512
17975;MACHO BEARD COMPANY ;14512
17978;HERRA;18048
17979;NUXE;18048
17980;TRAVALO;18062
17981;REPETTO PARIS;14499
17983;GILLETTE;18062
17984;MAVALA;18062
17986;WET N WILD ;18041
17987;HERRA;18055
17988;GARNIER;18084
17989;HERRA;18091
17991;NUXE ;15943
17993;APIVITA;15944
17994;NUXE;15944
17995;CUMLAUDE;15944
17996;APIVITA;15945
17997;NUXE;15945
17998;CUMLAUDE ;15945
17999;VICHY;15947
18000;LUTSINE;15948
18001;CUMLAUDE ;15948
18002;APIVITA;15952
18003;NUXE;15952
18011;ABERCROMBIE & FITCH;14498
18077;FERRARI;14511
18099;PIERRE BALMAIN;14509
18107;CLINIQUE;14502
18115;ARAMIS;14511
18123;ATKINSONS;14499
18138;ATKINSONS;15692
18146;LIU·JO;14499
18154;PIERRE BALMAIN;14508
18170;PRORASO	;18084
18177;PRORASO;18084
18190;PRORASO;18034
18215;POSTQUAM;18062
18230;POSTQUAM;18034
18239;POSTQUAM;18055
18247;COACH 1941;14498
18255;COACH 1941;14499
18263;MUM;18062
18271;MUM;18069
18279;AUSTRALIAN GOLD;14503
18287;LOVIUM;18062
18295;LIPOSAN;18034
18303;LIPOSAN;18091
18312;DEMAK UP;18062
18320;ANNICK GOUTAL;14498
18328;ANNICK GOUTAL;14508
18336;BOND NO. 9 NEW YORK;14498
18344;BOND NO. 9 NEW YORK;14508
18352;NATURAL HONEY;18091
18360;BRUMMEL;18091
18368;AGUA BRAVA;18091
18376;PURUTÉ SUN IBIZA;14500
18384;REXONA;18062
18393;REXONA;18069
18400;ANNICK GOUTAL;14499
18409;ROYALE AMBREE;18048
18416;ROYALE AMBREE;18062
18432;ZINNIA;18048
18440;FLEUR DE JOUR;18048
18456;STAR WARS;18048
18464;CARTOON;18048
18472;PAYOT;14503
18480;CLEAN;14499
18495;BANANA BOAT;18084
18504;GUESS;18048
18512;DAVID BUSTAMANTE;18048
18520;GUESS;18069
18529;GUESS;18091
18545;EL NIÑO;18048
18553;CÉLINE DION;18048
18561;HENO DE PRAVIA;18048
18569;NENUCO;18048
18577;JACQ'S;18069
18585;ACCA KAPPA;14508
18593;ACCA KAPPA;15692
18601;ACCA KAPPA;15695
18609;PALOMA PICASSO;14508
18617;ACCA KAPPA;14511
18625;DAVID BECKHAM;18091
18633;ACCA KAPPA;14499
18641;ACCA KAPPA;14498
18650;ACCA KAPPA;14502
18658;ACCA KAPPA;14510
18666;DUNHILL LONDON;14511
18682;ACCA KAPPA;14500
18689;LORENZO VILLORESI;14498
18713;LORENZO VILLORESI;14508
18721;LORENZO VILLORESI;14509
18729;VAN CLEEF & ARPELS;14511
18739;JACOMO;14498
18746;JACOMO;14508
20257;MOLYNEUX PARIS;14508
20259;MOLYNEUX PARIS;14498
20270;M.MICALLEF;14498
20277;M.MICALLEF;14508
20294;YARDLEY LONDON;18069
20304;GIORGIO ARMANI;14501
20315;TOM FORD;14509
20324;AXE;18055
20333;ELIZABETH TAYLOR;14498
20350;ETIENNE AIGNER;15692
20358;AUSSIE HAIR;18055
20367;DODOT;18062
20376;SALVATORE FERRAGAMO;14499
20385;SALVATORE FERRAGAMO;14509
20394;BOTTEGA VENETA;14509
20403;ASTOR;18091
20412;ASTOR;18069
20422;ASTOR;18048
20430;DOVE;18055
20440;ASTOR;18034
20456;MENARD;14500
20466;MENARD;14498
20475;JOHNSON'S;18091
20484;JUVENA;15695
20494;O.B.;18062
20503;TAMPAX;18062
20518;BLUMARINE;14499
20535;CLEAN&CLEAR;18034
20551;CLEAN&CLEAR;18091
20560;CONCEPT V DESIGN;18062
20569;DR. HAUSCHKA;14500
20586;LA TOJA;18091
20595;PALMOLIVE;18062
20613;MONTANA;15692
20622;BYLY;18069
20631;CAREFREE;18062
20641;AMERICAN CREW ;14510
20650;BORSALINO;18048
20659;CAMOMILA INTEA;18062
20667;AUSONIA;18062
20677;CAMOMILA INTEA;18091
20685;CHEVIGNON;14498
20696;CHANSON DÈAU;18048
20705;CHANSON DEAU;18062
20714;EL NIÑO;18091
20722;DELIAL;18091
20732;AUTAN;18062
20740;ARUAL;18055
20749;COLGATE;18062
20759;BEYONCÉ;18091
20768;BINACA;18062
20777;BINACA;18091
20786;CALBER;18062
20802;CARTOON;18091
20813;CARTOON;18062
20821;COLGATE;18091
20849;CÉLINE DION;18069
20858;FLOR D'AMETLER;18048
20884;GISÈLE DENIS;18034
20904;LAURA BIAGIOTTI ;14509
20914;DOLORES PROMESAS;14498
20923;DOLORES PROMESAS;14499
20931;DOLCE & GABBANA;14501
20939;MERCEDES BENZ;14498
20948;MISSONI;14498
20976;RIHANNA;14498
20984;RIHANNA;14508
20994;REPLAY;18048
21003;REPLAY;18069
21012;REPLAY;18091
21030;DIADORA;18048
21038;DEXEUS;18062
21047;HALSTON;14498
21057;BORSARI;18048
21066;BORSARI;18091
21084;BOTTEGA VENETA;14508
21092;IROHA NATURE;18034
21101;IROHA NATURE;18069
21111;EVAX;18062
21119;FIXPRAY;18055
21129;MARLIES MOLLER;15694
21140;BIOSILK FAROUK;14502
21148;CLEAN;14511
21158;CLEAN;14509
21167;CLEAN;15692
21175;LLONGUERAS;18069
21185;LACTOVIT;18069
21194;LACTOVIT;18091
21203;LEA;18091
21213;LEA;18062
21223;LEA;18034
21231;ADOLFO DOMINGUEZ;15695
21241;BOTANICALS FRESH CARE;14502
21252;LICOR DEL POLO;18062
21260;LICOR DEL POLO;18091
21269;INDASEC;18062
21279;HEAD AND SHOULDERS;18055
21288;HEAD AND SHOULDERS;18069
21296;MIZANI;14502
21306;ESSIE;14499
21315;SIGNAL;18062
21328;CLARINS ;15692
21338;CLARINS  ;15695
21347;CHEVIGNON;14508
21356;CYGNETIC;18062
21365;BLOOD CONCEPT;18048
21374;JIMMY CHOO ;14509
21389;ORLANE ;15695
21400;CHEN YU;18091
21407;VOLAND NATURE;18034
21416;ABERCROMBIE & FITCH;14499
21427;ANTONIO BANDERAS;18048
21436;NICKELODEON;18091
21446;ANNE MÖLLER;14511
21454;CUBA PARIS;18069
21463;CUBA PARIS;18048
21472;FIORUCCI;18048
21481;FIXONIA;18055
21490;FRANK PROVOST;18055
21500;AROMA GREENLINE;18062
21508;ATELIER COLOGNE ;14498
21517;ATELIER COLOGNE ;14508
21527;GUYLOND PARIS;18055
21536;KEMPHOR;18091
21545;KEMPHOR;18062
21555;JOVAN;18091
21563;GOLD TREE BARCELONA;18034
21574;KLEENEX;18062
21583;HERBAL ESSENCES;18055
21592;AZUFRE VERI;18055
21601;BREF;18062
21610;LA CARMELA;18055
21619;BIO IONIC;18055
21628;KERANOVE;18055
21636;CLINIQUE ;14511
21644;JOHN GALLIANO;18048
21654;AUBUSSON;14498
21662;BATTISTONI;14498
21671;JOHN VARVATOS;14508
21680;BEBE;14498
21689;POLO;14509
21699;RALPH LAUREN;14509
21707;MANUEL CARRASCO;18091
21717;MARC MARQUEZ;18091
21726;ID ITALIAN;14502
21742;ST. MORIZ;14503
21750;BOURJOIS;18091
21760;CHISSA;18069
21769;CHISSA;18048
21778;CHRISTINA AGUILERA;18048
21787;SENSATIONAIL;14501
21796;REDUMODEL;18091
21805;SUNSILK;18055
21814;STENDHAL;14498
21823;ALEXANDRE COSMETICS;18055
21832;SENSODYNE;18062
21860;ALL SINS 18K;14502
21869;ALL SINS 18K;14500
21878;ALL SINS 18K;15691
21887;ANGRY BIRDS;18062
21905;ASTOR;18041
21915;ACQUOLINA;14498
21923;BENETTON;18069
21929;BENETTON;18048
21938;DIPTYQUE;14498
21946;BROAER;18055
21956;PERRY ELLIS;18069
21972;NATURALEZA Y VIDA;18055
21980;PERRY ELLIS;18048
21998;BROAER;18041
22007;SALERM COSMETICS;14502
22016;NATURALEZA Y VIDA;18091
22024;COSTUME NATIONAL;18048
22033;COSTUME NATIONAL;18069
22042;COSTUME NATIONAL;18062
22051;DEVOTA & LOMBA;18048
22060;DIADERMINE;18091
22069;MUSTANG FORD;18069
22079;MUSTANG FORD;18091
22088;MONOTHEME;14499
22097;ED HARDY;18091
22106;EL CHARRO;18091
22116;MOMO DESIGN;14498
22125;SALERM COSMETICS;14501
22134;MOMO DESIGN;14508
22145;MOMO DESIGN;14511
22154;SALERM COSMETICS;14500
22162;EL CHARRO;18062
22168;ENRIQUE IGLESIAS;18091
22177;LULLAGE ACNEXPERT;14500
22186;KALLOS COSMETICS;18055
22197;MAVALA;18034
22224;GUINOT;14500
22233;GUINOT;14510
22267;FIGS & ROUGE;14500
22276;GARNIER;18069
22284;EVELINE;18069
22293;EVELINE;18084
22301;FENDI;14499
22314;GAI MATTIOLO;18048
22322;HANNIBAL LAGUNA;18091
22331;BAYLIS & HARDING;18062
22340;FUSS FRISCH;18062
22358;RIMMEL LONDON;18041
22366;LUXANA;18069
22376;LUXANA;18055
22385;TOT HERBA;18062
22395;LUXANA;18048
22407;LUXANA;18062
22415;DR. ORGANIC;18034
22424;LAURENDOR;18041
22433;LUX;18062
22442;MEXX;14498
22451;TORAND;18048
22461;TONINO LAMBORGHINI;18069
22470;THE BLUEBEARDS REVENGE;14508
22483;DR. ORGANIC;18062
22493;TED LAPIDUS;14508
22510;VERDIMILL PROFESIONAL;18034
22539;PAYOT;14509
22549;FARMAVITA;14502
22557;TAKY;18062
22567;SPRINGFIELD;18069
22576;SERGIO TACCHINI;14508
22587;SCOTTEX;18062
22596;SCOTCH-BRITE;18062
22605;SALON HITS;18091
22615;S'NONAS;14499
22622;CARON;14509
22632;ROMEO GIGLI;18069
22642;ROMEO GIGLI;18048
22649;CARON;14511
22659;FARMAVITA;15694
22668;ROCCO BAROCCO;18048
22677;ROCCO BAROCCO;18062
22686;ROCCO BAROCCO;18069
22695;ROBERTO CAPUCCI;18069
22704;ROBERTO CAPUCCI;18048
22712;TREETS TRADITIONS;18062
22729;REDUMODEL;18069
22738;REDUMODEL;18084
22747;REDUMODEL;18034
22755;JULIETTE HAS A GUN;15692
22766;POSTQUAM;18069
22774;OLAPLEX;14500
22802;PRESSIT;14500
22810;NIKE;18069
22820;NIKE;18062
22829;MTV;18048
22838;MTV;18069
22847;PALMARIA MALLORCA;14499
22857;OLAY;18062
22865;ICON;15694
22874;PARLUX;14498
22892;PRESSIT;18048
22900;FIGS & ROUGE;15691
22909;VELVET;18091
22918;DERMALOGICA;14499
22927;DERMALOGICA;14500
22936;ORALDINE;18062
22946;POSTQUAM;18091
22953;VASENOL;18062
22960;SABIEN;18034
22967;METILINA VALET;18034
22976;METILINA VALET;18069
22983;VIDA;18034
22990;VITESSE;18034
22998;PAUL MITCHELL;14499
23010;POLIDENT;18062
23029;POLICE;14499
23037;CARON;14498
23046;THALGO;15691
23055;WHASH&GO;18055
23064;MONSTER HIGH ;18091
23072;POLICE;14511
23080;VAN CLEEF & ARPELS;14499
23097;POD;18048
23106;JEAN PAUL GAULTIER;14510
23116;PARADONTAX;18062
23125;BAIN DE TERRE;18055
23134;HERMES ;15695
23150;PLAYBOY;18062
23160;PLAYBOY;18091
23172;ORAL-B;18062
23180;PENTHOUSE PARFUMS;18048
23189;PARIS HILTON;18048
23215;MICHAEL JORDAN;18069
23225;MY LOOK;18041
23234;MONSTER HIGH ;18041
23242;MARLIES MÖLLER ;14512
23251;FRANK APPLE;18048
23268;OLIVIA GARDEN;14502
23277;NOXZEMA;18069
23285;DUPONT;18069
23294;DAVID BUSTAMANTE;18069
23303;STELLA MCCARTNEY;14498
23312;DENIVIT ;18062
23321;PARODONTAX ;18062
23330;HAMMAME;18062
23339;DSQUARED2;14499
23349;CROSSMEN;18069
23358;LUXANA;18091
23369;NENUCO;18091
23378;NENUCO;18062
23387;DESIGUAL ;18062
23395;LOLITA LEMPICKA;14499
23402;PORSCHE DESIGN;14508
23409;PORSCHE DESIGN;14509
23418;REVITALASH;14502
23428;DENENES;18084
23437;VEET SENSITIVE;15945
23455;BOURJOIS ;18034
23464;LISTERINE;18062
23474;LEONARD PARIS;14499
23483;KERZO;18091
23492;KERZO;18069
23501;KARICIA;14502
23510;KARICIA;14499
23519;KARICIA;14500
23528;JORDAN;18062
23536;SABIEN;18084
23545;SANEX;18091
23554;CAUDALIE;14500
23563;DR.LIPP;14500
23572;COMFORT ZONE;14500
23581;COMFORT ZONE;14499
23591;BODY BLENDZ;14499
23608;AGENT PROVOCATEUR;15692
23617;JACQ'S ;18091
23626;TOT HERBA;18055
23635;COMFORT ZONE;14503
23644;COMFORT ZONE;14509
23653;SORAYA;18034
23662;COMFORT ZONE;14510
23678;EUGENE PERMA ;15694
23689;HANAE MORI;14508
23698;HANAE MORI;14498
23716;ELIZABETH GRANT ;18062
23725;SPORTSTAR;18069
23734;INSIGNIA;18091
23743;INSIGNIA;18055
23752;INSIGNIA;18062
23762;INSIGNIA;18069
23771;GLOBO;18062
23778;GRECIAN;18069
23787;GENUIN;18034
23803;GAL;18034
23812;FRIA;18034
23821;FRANCK OLIVIER;14498
23830;FORAMEN;18062
23839;DAILY COMFORT;18062
23848;COSMOPLAST;18062
23857;GRACE COLE;18091
23865;BUMBLE AND BUMBLE;14502
23874;ARTERO;18062
23884;KIM KARDASHIAN;18062
23893;OLAPLEX;18055
23902;MEXX;18069
23911;PARLUX;14508
23920;KIM  KARDASHIAN  ;18084
23929;MARVEL;18062
23938;VELVET;18069
23948;MEXX;18048
23957;ROBERTO VERINO;14509
23966;VERDIMILL PROFESIONAL;18055
23975;LANCASTER;15695
23984;OLAPLEX;14502
23993;OLAPLEX;15694
24002;BABYLISS ;14502
24011;FLOÏD;18091
24020;TESORI D'ORIENTE;18091
24029;ATKINSONS;14511
24038;PARLUX ;14502
24052;COACH 1941;15692
24061;WELLA;14512
24071;COLLISTAR;14508
25981;L'OCCITANE;14510
26045;INSTITUTO ESPAÑOL;18084
26055;GLORIA VANDERBILT;18091
26065;EL NIÑO;18069
26077;MASKDER ;15943
26086;MARTIDERM;16132
26095;MARTIDERM;16128
26116;L'OCCITANE;14511
26152;LAURA MERCIER ;14501
26164;COMFORT ZONE;14501
26173;GIVENCHY;14501
26186;COMFORT ZONE;15691
26195;TIGI;14510
26205;COTTAGE;18062
26216;COMFORT ZONE;15695
26226;CAUDALIE;14499
26235;SANTORO LONDON;18062
26246;DEOFEET;18062
26256;MY DAY;18062
26265;SKIN O2;18034
26275;ALFAPARF MILANO;14502
26286;EUGENE PERMA;14502
26296;EUGENE PERMA;14512
26306;KY-O COSMECEUTICAL;18034
26316;KY-O COSMECEUTICAL;18048
26326;MONTIBELLO;14502
26336;PALMER'S;18055
26346;LISAP MILANO;18055
26356;AGADIR ARGAN OIL;14502
26365;CREME OF NATURE;18055
26375;LUSTER'S;14502
26384;HAIR CHEMIST LIMITED;14502
26394;LOTTA BODY;18055
26404;MOLLON PRO;14501
26414;MAMADO AROMATHERAPY;18062
26424;VITALE;18055
26434;INNAT BARCELONA;14500
26453;NUGGELA & SULÉ ;14502
26462;BILL BLASS ;18048
26474;THE COSMETIC REPUBLIC;18062
26482;AGADIR ARGAN OIL;14512
26492;ARGANOUR;18062
26502;ARGANOUR;18055
26512;ARGANOUR;18034
26522;MAN CAVE;18069
26531;ARAMIS;14499
26550;NAOMI CAMPBELL;18048
26560;CRISTINA PEDROCHE;18091
26570;STAR WARS;18062
26580;VADEMECUM;18062
26590;MONSTER HIGH;18062
26600;PETIT CHERI;18062
26610;MORRIS;18069
26620;PENTHOUSE PARFUMS;18069
26630;MONOTHEME;14498
26640;BEVERLY HILLS POLO CLUB;14508
26652;JOVAN;18069
26664;SEANERGY;18069
26674;MALÚ;18048
26685;BELLA AURORA;18041
26695;COTY;18069
26705;COTY;18048
26715;AZUR;18048
26725;LALALOOPSY;18091
26735;LALALOOPSY;18048
26746;JESÚS CASTRO;18091
26755;MARKWINS;18091
26765;JACQUES SAINT PRES;18048
26774;AUDREY;18048
26784;ANIMALE;18048
26793;MIMMINA;18048
26803;EBERLIN;18034
26813;LUXINA;18055
26824;STENDHAL;14501
26834;NAF NAF	;15692
26844;EDEN CLASSICS;18048
26854;MOUSSEL;18091
26864;CRAZY COLOR;18055
26874;PANTENE;18091
26890;ABERCROMBIE & FITCH;15692
26969;AINA DE MÔ;18041
26995;T.LECLERC;18041
27003;ALTERNA;15694
27370;T.LECLERC;18091
27387;REVLON ;15692
27396;TOM FORD;14499
27517;TIFFANY&CO.;14498
27614;MAGICSTRIPES;14500
27615;MAKEUP ERASER;14501
27616;THE KONJAC;14500
27617;BEAUTYBLENDER;14501
27618;COOLA;14503
27619;FEDUA;14499
27620;FEDUA;14501
27636;DEBORAH MILANO;18041
27645;DERMOLAB;18034
27654;CHRISTOPHE ROBIN;14502
27663;SAMPAR PARIS;14500
27672;BYPHASSE;18034
27681;QVS;14500
27690;NATURAL WORLD;14500
27709;LE COUVENT DES MINIMES;18048
27718;EAU MY BB;18062
27727;DULCEIDA;18048
27737;TED BAKER;14509
27747;WAHL;14502
27756;WAHL;14512
27766;MOSER;14512
28206;BLAUER USA;14498
28236;BLAUER USA;14508
28338;SA.AL&CO;14510
28383;ANIAN;18034
28425;PAULA GONU;18048
28473;PURITA;18034
28506;QVS;14501
28636;DICORA ;18062
28681;QVS;14499
28729;DEMAK UP ;18034
28741;FLORIS;14498
28747;FLORIS;14499
28753;FLORIS;14508
28756;FLORIS;14509
28774;DECORTÉ;14500
28882;DEBORAH MILANO;18091
28921;DEBORAH MILANO;18069
28954;DEBORAH MILANO;18084
28990;BETER ;18091
29101;TENA;18062
29140;PASCAL MORABITO;14498
29182;PASCAL MORABITO;14508
29233;ALEPPO;18062
29275;EYLURE;14501
29317;REVUELE;18041
29359;IDC INSTITUTE;18062
29401;IDC INSTITUTE;18034
29530;BOBBY BROWN;14501
29563;BOBBI BROWN;14501
29611;THE BODY SHOP;14499
29662;THE BODY SHOP;15691
29704;ORIGINS;14500
29737;ORIGINS;14499
29825;CLOSE UP ;18062
29895;RAMON MONEGAL;14498
29921;LULLAGE;14503
29945;RAMON MONEGAL;14508
29979;ETTANG;29983
29983;KOREAN BEAUTY;14500
30009;SKINMISO;29983
30013;JANE IREDALE;14501
30037;BURBERRY;14501
30067;POMELLATO ;14499
30135;ELLE;18048
30163;LEGRAIN;18062
30191;BIFULL;18055
30199;REGALOS;
30201;Designer perfumes;
30203;SHAVING;14497
30205;MOLINARD;14508
30207;MANCERA;14508
30209;JULIETTE HAS A GUN;14508
30211;MILLER HARRIS;14508
30213;Clive Christian;14508
30217;PREMIERE NOTE;14508
30219;THE DIFFERENT COMPANY;14508
30221;JACK BLACK;14509
30223;BAST;14509
30225;GROWN ALCHEMIST;14509
30227;SA.AL&CO;14509
30229;ATKINSONS;14509
30231;JACK BLACK;14510
30233;BAST;14510
30235;GROWN ALCHEMIST;14510
30239;JACK BLACK;14512
30241;BAST;14512
30245;JACK BLACK;30203
30247;BAST;30203
30249;FLORIS;30203
30251;VICTORIA'S SECRET;14498
30253;MOLINARD;14498
30255;MANCERA;14498
30257;SABÉ MASSON;14498
30259;MILLER HARRIS;14498
30261;Clive Christian;14498
30265;PREMIERE NOTE;14498
30267;THE DIFFERENT COMPANY;14498
30269;VICTORIA'S SECRET;14499
30271;DR. BRANDT;14499
30273;OSKIA;14499
30275;KOSÉ;14499
30277;GROWN ALCHEMIST;14499
30279;BY TERRY;14499
30281;STENDHAL ;14499
30283;MARGARET DABBS;14499
30287;DR SEBAGH;14500
30289;DR. BRANDT;14500
30291;OSKIA;14500
30293;KOSÉ;14500
30295;BIOEFFECT;14500
30297;GROWN ALCHEMIST;14500
30299;BY TERRY;14500
30301;BACHCA PARIS;14500
30303;PESTLE & MORTAR;14500
30305;BY TERRY;14501
30307;THE BROWGAL;14501
30309;BACHCA PARIS;14501
30311;AQUIS;14502
30313;GROWN ALCHEMIST;14502
30315;BACHCA PARIS;14502
30317;SKEYNDOR ;14504
30319;ROBERTO TORRETA ;15692
30321;SENSATIONAIL ;15693
30323;GHD ;15694
30337;ROGER & GALLET ;15943
30339;SOMATOLINE;15943
30341;REPAVAR ;15943
30343;DS;15943
30349;NEUTROGENA;15943
30351;GERMINAL ;15943
30353;XHEKPON ;15943
30355;ESDOR;15943
30357;GALENIC;15943
30359;VEA ;15943
30361;MEL 13;15943
30363;ROGER & GALLET ;15944
30365;NEUTROGENA ;15944
30367;REPAVAR ;15944
30369;DS ;15944
30371;MUSSVITAL ;15944
30373;GALENIC ;15944
30375;VEA;15944
30377;GSE;15944
30379;SENSILIS;15944
30381;INIBSA ;15945
30383;SAUGELLA ;15945
30385;MUSSVITAL ;15945
30387;GALENIC;15947
30389;NUXE ;15947
30391;ENDOCARE ;15948
30393;ENDOCARE;15949
30395;CUMLAUDE ;15950
30397;ENDOCARE;15950
30399;SKINCEUTICALS ;15951
30401;ENDOCARE;15951
30403;ENDOCARE;15951
30405;Measuring devices;15940
30407;EPAPLUS;16171
30409;MY.SIZE ;16173
30411;PACHA;18048
30413;NATURALEZA Y VIDA ;18062
30415;FLOR DE MAYO ;18062
30417;ENRIQUE IGLESIAS;18069
30419;BRUNO BANANI;18091
30427;ERBORIAN ;29983
30429;AROMATICA;29983
30431;BLITHE;29983
30433;COSRX;29983
30435;DR. PHAMOR;29983
30437;KLAIRS;29983
30439;G9SKIN;29983
30441;PACKAGE;29983
30443;SON & PARK;29983
30445;BERRISOM;29983
30447;THE SKIN LOUNGE;29983
30451;MY SKIN MENTOR DR. G;29983
30473;ENGLISH LAVENDER;14508
30493;ENGLISH LAVENDER;14511
30513;ENGLISH LAVENDER;14509
30543;BAREMINERALS;14501
30577;KENZOKI;14500
30607;PRORASO ;14511
30633;PRORASO ;18091
30660;REVUELE ;14500
30692;REVUELE ;18034
30720;LAURA BIAGIOTTI;15692
30768;IOMA;14500
30804;JOWAÉ;15943
30832;JOWAÉ;15944
30894;JOWAÉ;15946
30928;TIMOTEI;18055
30954;BAREMINERALS;15693
30988;THE BLUEBEARDS REVENGE;14511
31014;VICTORIA'S SECRET;18069
31038;VICTORIA'S SECRET;18041
31062;JO MALONE;14499
31110;BEAUTY FOR REAL;18041
31134;DIEGO DALLA PALMA;14501
31164;MARNI;14498
31184;MARNI;14499
31204;CHI FAROUK;14512
31244;CANARIAS COSMETICS;14500
31266;BABY LINDO;18062
31286;KATAI NAILS;18041
31308;SEXY HAIR;14502
31326;NOOK;14502
31348;BARNÄNGEN;18062
31370;NAOBAY;18062
31388;NAOBAY;18034
31406;NAOBAY;18069
31426;LA SAVONNERIE DE NYONS;18062
31446;HERBAL HISPANIA;18055
31464;YARDLEY LONDON;18062
31484;PHARMALINE;18062
31502;CAFE PARFUMS;18069
31520;MEDITERRANEO SUN;18084
31542;COACH 1941;14508
31566;BLUMARINE;15692
31586;EMANUEL UNGARO;15692
31606;MONTBLANC;15692
31624;MICHAEL KORS;14511
31674;PHARMALINE;18091
31698;PAYOT;15695
31724;CERAVE;15944
31786;DIET ESTHETIC;18034
31804;DIET ESTHETIC;18062
31827;MAVALA;18091
31853;OH K!;29983
31869;SOKO READY;29983
31927;QVS ;18091
31945;INCAROSE;15943
31965;TONY MOLY;29983
32021;PUCCINI;18048
32037;PUCCINI;18069
32101;BYPHASSE;18055
32115;BYPHASSE;18062
32129;BYPHASSE;18069
32145;BYPHASSE;18091
32169;JOHN RICHMOND;18062
32187;IDC INSTITUTE;18091
32207;WOMEN'S SECRET;18091
32227;DOLORES PROMESAS;18091
32245;EAU MY BB;18091
32267;FERRARI;14509
32285;MY LOOK;18034
32301;LISTERINE;18091
32323;REDUXPATCH ;15944
32353;D'ORSAY;18048
32372;WOMEN'SECRET;18048
32392;MOROCCANOIL ;14499
32410;KENZO;14500
32428;GABRIELA SABATINI;18048
32446;MARBERT;18069
32464;KATIVA;18055
32482;DELETE MAKE UP;18041
32518;LIGHT IRRIDIANCE;18055
32552;SESDERMA;15948
32584;PERTEGAZ;18048
32614;ESQUIRE;14512
32646;PAULA ECHEVARRIA;18048
32678;BIOSILK FAROUK;15694
32704;PHILIP KINGSLEY;14502
32740;WET BRUSH PRO;18055
32774;MEMO PARIS;14498
32800;MEMO PARIS;14508
32820;BENEFIT;14501
32840;BENEFIT;14500
32870;JOICO;14502
32894;DEAR BODY;18062
32914;DEAR BODY;18048
32938;M2 BEAUTÉ;14500
32962;BABYLISS;14499
32982;PHILIP KINGSLEY;15694
33002;BARBIE;18091
33024;L'ARTISAN PARFUMEUR;14499
33048;RODIAL;14501
33070;EMMA HARDIE;14500
33094;EMMA HARDIE;14499
33118;PERRICONE MD;14500
33140;PERRICONE MD;14501
33160;PERRICONE MD;14499
33190;COURRÈGES;14508
33212;M2 BEAUTÉ;14501
33234;EMMA HARDIE;15691
33254;DEAR BODY;18069
33278;MÍA;15947
33300;STARCK PARIS;14498
33322;STARCK PARIS;14508
33412;SEKKISEI;14500
33462;COLBERT MD;14500
33486;NOVEXPERT;14500
33512;CHISSA;18041
33602;VILLAGE 11 FACTORY;29983
33624;BENTON;29983
33644;CARON;14501
33666;LAKMÉ;14502
33686;GLOV;18062
33708;NACOMI;18062
33730;TRENDY;18062
33756;IFC;15944
33776;CHISSÁ;18055
33796;GLOV;18034
33818;A-DERMA;15944
33842;A-DERMA;15945
33862;DUCRAY;15944
33882;DUCRAY;15945
33900;WOODS OF WINDSOR;14498
33918;WOODS OF WINDSOR;14499
33934;FORNASETTI;14499
33952;MEDIK8;14500
33978;KORRES;14500
34002;KORRES;14499
34026;KORRES;14502
34048;ACNIBEN;15946
34072;FOREO;15945
34136;SACHAJUAN;14502
34158;BENAMÔR;14499
34182;BERDOUES;14498
34204;A LAB ON FIRE;14498
34224;A LAB ON FIRE;14508
34244;ACQUA DI STRESA;14498
34264;ACQUA DI STRESA;14508
34288;GOLDWELL;14502
34310;JOHN MASTERS ORGANICS;14502
34332;SACHAJUAN;14499
34412;INNOSSENCE;14500
34434;INNOSSENCE;14502
34454;INNOSSENCE;14499
34472;OSCAR DE LA RENTA;14499
34494;ARUAL;18034
34516;KENNETH COLE;14508
34534;KENNETH COLE;14498
34554;NAF NAF;14499
34582;ESCADA;14508
34694;ROYAL FERN;14500
34720;SWISS LINE;14500
34744;SAFE SEA;14503
34770;SALLY HANSEN;14499
34794;LA CABINE;14500
34822;ENGLISH GARDEN;14499
34842;ATKINSONS FINE PERFUMED LINE;14499
34868;NATURALIUM;18034
34892;LOOK DORE;18034
34912;CBR PROFESSIONAL;14502
34932;EIGHT & BOB;14508
34958;VICKY MARTIN BERROCAL;18048
34982;LIXONÉ;18062
35002;LE MINI MACARON;18062
35024;COSME DECORTÉ;14500
35046;LE MINI MACARON;18041
35066;BIOAQUA;14500
35088;BIOAQUA;14499
35110;MERCEDES BENZ;14511
35134;MAC;14500
35156;BOBBI BROWN;14500
35180;SYOSS;18055
35220;ICEBERG;18062
35240;CHOPARD;14499
35260;JOHN MASTERS ORGANICS;14499
35280;MERCEDES BENZ;15695
35298;MERCEDES BENZ;14499
35320;COSME DECORTÉ;14501
35338;PERTEGAZ;18069
35356;STRIVECTIN;15943
35376;DECLARÉ;15943
35398;DECLARÉ;15944
35424;DELAROM;15944
35448;DELAROM;15943
35470;TED BAKER;14498
35494;CARON;15692
35518;HANAE MORI;14509
35540;HANAE MORI;14499
35648;BIOLAGE;15694
35676;STRIVECTIN;15944
35710;JAMES BOND;18048
35814;BENAMÔR;15695
35838;PHILIPS;14499
35866;PHILIPS;30203
35888;PHILIPS;14502
35912;PERSPIREX;15945
35938;INTIMINA;15944
35962;LA ROCHE POSAY;14503
35984;HOLLISTER;14509
36006;HOLLISTER;14499
36034;KOSÉ;14501
36056;JO MALONE;14498
36082;JO MALONE;14508
36112;NOBERU OF SWEDEN;14510
36132;CAPTAIN COOK;14512
36154;NOBERU OF SWEDEN;14512
36174;CRISTIANO RONALDO;14508
36196;CORINE DE FARME;18062
36214;NELLY;18062
36232;CORINE DE FARME;18034
36260;CORINE DE FARME;18055
36286;TED LAPIDUS;14511
36306;DIANE PERNET	;14508
36324;DIANE PERNET;14498
36356;URIAGE;15943
36372;URIAGE;15945
36386;URIAGE;15944
36404;URIAGE;15948
36424;URIAGE;15949
36440;URIAGE;15950
36464;URIAGE;15951
36480;ESCENTRIC MOLECULES;30201
36580;ARDELL;14501
36598;ARDELL;15693
36622;DARPHIN;15944
36634;DARPHIN;15943
36646;DARPHIN;15945
36658;DARPHIN;15947
36672;DARPHIN;15949
36692;ROGÉ CAVAILLÈS;15944
36706;ROGÉ CAVAILLÈS;15943
36718;ROGÉ CAVAILLÈS;15945
36734;ROGÉ CAVAILLÈS;15948
36754;EL GANSO;14508
36765;ELANCYL;14499
36778;ELANCYL;15695
36787;ELANCYL;15944
36799;AZZARO;14499
36809;BENAMÔR;14500
36898;IKKS;14498
36906;IKKS;14508
36918;IKKS;15692
36926;IKKS;14511
36937;CASALFE;18055
36949;ARISTOCRAZY;14498
36957;ARISTOCRAZY;14508
36968;CHELINO;18062
36977;HUGH PARSONS;14508
36993;KEVYN AUCOIN;14501
37002;DELAPIEL;15936
37023;AITANA;18091
37031;BALMAIN HAIR COUTURE;14502
37040;Cleaning;16174
37041;Lenses;16174
37069;BVLGARI LE GEMME;30201
37077;LE TOUT;14501
37085;REAL TECHNIQUES;14501
37093;LE TOUT;14500
37101;DR. HAUSCHKA;14501
37109;EL GANSO;14511
37117;PEPE JEANS;14498
37125;PEPE JEANS;14508
37133;PEPE JEANS;14511
37141;PEPE JEANS;15692
37149;ACQUA DI PARMA;30203
37157;MEMO PARIS;30201
37166;ANIAN;14499
37175;SNONAS;14499
37184;ECOTOOLS;14501
37193;TWEEZERMAN;14499
37201;PURA;14499
37210;OLIMPIC;14499
37218;SANYTOL;14499
37227;AMALFI;14499
37246;VALMONT;30201
37255;MY CLARINS;14500
37265;AGRADO COSMETIC;14499
37274;ACTONER;14499
37283;AITANA;18048
37292;ALVAREZ GÓMEZ;14511
37306;COVID19;14499
37321;COVID19;18027
37339;DR. ORGANIC;14510
37356;L'ORÉAL PARIS;18055
37366;L'ORÉAL PARIS;18034
37375;L'ORÉAL PARIS;18062
37384;L'ORÉAL PARIS;18084
37393;L'ORÉAL PARIS;18069
37402;L'ORÉAL PARIS;18091
37411;L'ORÉAL PARIS;18041
37415;COVID19;37496
37496;COVID19;
37426;GOSH;14501
37436;CATRICE;14501
37445;NYX;14501
37454;REXALINE;14500
37463;COOPER BACTER;18062
37473;BRAUN;14502
37484;BRAUN;14499
37495;SOLGAR;14499
37508;FANOLA;14502
37517;HASK;18055
37526;JONZAC;18034
37535;JONZAC;18062
37544;JONZAC;18069
37561;111SKIN;14500
37570;REN;14500
37581;Nutricosmetics;
37589;MAYBELLINE;14500
37599;MILK SHAKE;14502
37607;MÁDARA;14500
37616;MISSHA;14500
37625;FUDGE;18055
37634;THE MERCHANT OF VENICE;14499
37643;GOUTAL PARIS;14499
37652;ALPHA H;14500
37661;DERMACEUTIC;14500
37670;TREE HUT;14499
37777;PURESSENTIEL;14499
37976;100%NATURA;37581
37977;AIRBIOTIC;37581
37978;ALECOSOR;37581
37979;ALGOLOGIES;37581
37980;ARMONIA;37581
37981;AROMASENSI;37581
37982;ARTESANIA;37581
37983;BACH;37581
37984;BELLSOLA;37581
37985;BIFORM;37581
37986;BIODES 86;37581
37987;BIOFORCE;37581
37988;BIOGRÁ;37581
37989;BIOSERUM;37581
37990;BIOVER;37581
37991;BONUSAN;37581
37992;BOTANICUM;37581
37993;CFN;37581
37994;CORPORE;37581
37995;DHERBOS;37581
37996;DIETISA;37581
37997;DIETMED;37581
37998;DOUGLAS;37581
37999;DR. SCHAR;37581
38000;DRASANVI;37581
38001;EL NATURAL;37581
38002;ELADIET;37581
38003;EQUISALUD;37581
38004;ERGOSPHERE;37581
38005;ERLINGEN;37581
38006;ESENTIAL A;37581
38007;FENIOUX;37581
38008;FORZA VITA;37581
38009;GRANERO S;37581
38010;GRANERO;37581
38011;GSN;37581
38012;HEALTH AID;37581
38013;HERBOFARM;37581
38014;HERBORA;37581
38015;HERDIBEL;37581
38016;HOLISTICA;37581
38017;IFIGEN;37581
38018;INTEGRALIA;37581
38019;INTERNATUR;37581
38020;INTERSA;37581
38021;JELLYBELL;37581
38022;KAL;37581
38023;LAMBERTS;37581
38024;MADAL BAL;37581
38025;MARNYS;37581
38026;MGDOSE;37581
38027;MIMASA;37581
38028;MONTSTAR;37581
38029;MUNDO NATU;37581
38030;NALE;37581
38031;NATURE ESS;37581
38032;NATURES PL;37581
38033;NATURGREEN;37581
38034;NATURLIDER;37581
38035;NATURMIL;37581
38036;NATYSAL;37581
38037;NEO;37581
38038;NOVADIET;37581
38039;NOW;37581
38040;NUTERGIA;37581
38041;NUTRIOPS;37581
38042;NUTRISPORT;37581
38043;OBIRE;37581
38044;PILEGE;37581
38045;PINISAN;37581
38046;PLAMECA;37581
38047;PLANTA POL;37581
38048;PLANTIS;37581
38049;PRISMA NAT;37581
38050;RADHE;37581
38051;ROBIS;37581
38052;SAKAI;37581
38053;SALUD VIVA;37581
38054;SHILA;37581
38055;SOLARAY;37581
38056;SORIA;37581
38057;SOTYA;37581
38058;SPECCHIASO;37581
38059;SURA VITAS;37581
38060;TEGOR;37581
38061;TERPENIC;37581
38062;TONGIL;37581
38063;TREPATDIET;37581
38064;URTEKRAM;37581
38065;V.BYOTIC;37581
38066;VIT.O.BEST;37581
38067;VITAE;37581
38068;WEIDER;37581
38069;WELEDA COS;37581
38070;YNSADIET;37581
38071;YOGI TEA;37581
38072;ZEUS;37581
38089;GARANCIA;18034
38096;GARANCIA;14499
38119;EGYPTIAN MAGIC;14500
38158;SOAP & GLORY;18062
38168;SWISSDENT;14499
38177;NEOGEN;14500
38186;REBEL;18048
38195;REBEL;18069
38204;ASTRA MAKEUP;14501
38440;IRISCUP;37581
38441;THE FIERCE NIGHT;37581
38442;ANA MARÍA LAJUSTICIA;37581
38443;GRANOVITA;37581
38444;EDEN;37581
38445;NATUR COMPAGNIE;37581
38446;PRADY;37581
38447;BJOBAO;37581
38448;DIET RADISSON;37581
38449;ENERGYFRUITS;37581
38450;MEDITERRANEAN SUPERFOODS;37581
38451;ENERGYFEELINGS;37581
38452;NATURVIDA;37581
38453;AHIMSA;37581
38454;HERBASOL;37581
38455;SORIA NATURAL;37581
38456;TRÉBOL VERDE;37581
38457;GREEN MANCHA;37581
38458;NATURATAL;37581
38459;CALABIZO;37581
38460;AQUA DE MAR;37581
38461;CARLOTA ORGANIC;37581
38462;LA CAMPESINA;37581
38463;SINGLU TRIGO;37581
38464;SINGLU MAIZ;37581
38465;HORNO NATURAL;37581
38466;NYSBO;37581
38467;INGENIO NTRA. SRA. DEL CARMEN;37581
38468;YAMMY;37581
38469;VEGGUNN;37581
38470;ENZIME;37581
38471;SCHLAGFIX;37581
38472;NATURAL ATHLETE;37581
38473;JAMÍESON;37581
38474;MASCAF;37581
38475;INKANAT;37581
38476;CAMASSIA;37581
38477;BIOFLORAL;37581
38478;CHEFDELICE;37581
38479;SWEET WILLIAM;37581
38480;PLAMIL;37581
38481;VEGANO SALUD;37581
38482;BIO-BÉTICA;37581
38483;ECOSANA;37581
38484;NATURE ESSENTIAL;37581
38485;MISOBRASADA;37581
38486;PWD NUTRITION;37581
38487;DIETICLAR;37581
38488;FLEURYMER;37581
38489;DR METZ;37581
38490;NATURANDOR;37581
38491;VEGETALIA;37581
38492;CELNAT;37581
38493;DANIVAL;37581
38494;DR. MARTINS;37581
38495;MONKI;37581
38496;DABUR HERBAL;37581
38497;IRISANA;37581
38498;RISO SCOTTI;37581
38499;BELLIDEA;37581
38500;BOTÁNICA NUTRIENTS;37581
38501;EBERS;37581
38502;PORTO-MUIÑOS;37581
38503;CORPORE SANO;37581
38504;BEVEGAN;37581
38505;GRANA;37581
38506;ORGRAN;37581
38507;LOWY;37581
38508;AIRBIOTIC AB;37581
38509;SARCHIO;37581
38510;MEDITERRANEA AGUA DE MAR;37581
38511;SMILEAT;37581
38512;VIPELIN;37581
38513;BOHEMA;37581
38514;BIOKAP;37581
38523;HOME;18027
38533;FEBREZE;38523
38542;VILEDA;38523
38551;KH-7;38523
38560;ORION;38523
38569;VERNEL;38523
38578;DIXAN;38523
38587;DON LIMPIO;38523
38596;ARIEL;38523
38605;SPONTEX;38523
38614;BLOOM;38523
38623;NORIT;38523
38632;LAISEVEN;38523
38641;FROSCH;38523
38650;SCOTTEX;38523
38659;FAIRY;38523
38668;TENN;38523
38677;WIPP EXPRESS;38523
38686;FRUIT WORKS;18062
38700;L'ORÉAL PARIS;14509
38708;L'ORÉAL PARIS;30203
38718;LOCTITE;38523
38727;ALBAL;38523
38736;CEGASA;38523
38746;POLIL;38523
38755;CILLIT BANG;38523
38765;IBERIA;38523
38774;CASA JARDIN;38523
38783;FOXY;38523
38792;PHYTO NATURE;18062
38801;PHYTO NATURE;18055
38810;LUA & LEE;14498
38819;LUA & LEE;14499
38828;TOPICREM;14500
38837;TOPICREM;14499
38846;ELEMIS;14500
38855;ESSENCE COSMETICS;14501
38863;AJAX;38523
38872;NURANA;14500
38881;NURANA;14499
38890;NURANA;14501
38898;ELGYDIUM;18062
38908;FAÇONNABLE;14508
38917;LIP SMACKER;18041
38926;DIKSON;18055
38935;EUROSTIL;18055
38945;EUROSTIL;18062
38954;EUROSTIL;18041
38963;EUROSTIL;18034
38972;EUROSTIL;18069
38981;FUN & BASICS;18048
38990;TED LAPIDUS;14509
38999;CARTOON;18055
39008;SANTORO LONDON;38523
39017;SANTORO LONDON;18048
39026;CHANSON D'EAU;18048
39035;SKIN O2;18055
39044;SKIN O2;18062
39045;L'OREAL PROFESSIONNEL;14502
39046;BIOLAGE;14502
39055;AIR-WICK;38523
39064;AMBI PUR;38523
39073;GLADE;38523
39082;FORESAN;38523
39091;SECHE;18041
39100;HYSKIN;14500
39109;ANTIDOTPRO;14502
39118;FAEBEY;18062
39127;YACEL;18062
39136;FINISH WASH;38523
39145;SIDOL;38523
39154;MATCHA & CO;14500
39163;CEBRALIN;38523
39172;RAID;38523
39180;DURACELL;38523
39181;ST. MORIZ;14499
39190;NATURVITAL;18055
39199;LIFEBUOY;18062
39208;TARNI-SHIELD;38523
39218;ELEMIS;14511
39227;ELEMIS;15691
39236;MISSHA;14501
39245;SEBASTIAN PROFESSIONAL;30203
39254;WILKINSON;18069
39263;WILKINSON;18062
39272;CRUSELLAS;18055
39283;LEGRAIN;18048
39291;LEGRAIN;38523
39300;BEL BABY;18062
39309;DAEN DEPILATION;14499
39319;DERMOLAB;18055
39328;DERMOLAB;18062
39337;DR BOTANICALS;14500
39346;ELEGANT TOUCH;14501
39356;MONTAGNE JEUNESSE;14500
39365;PERLIER;14499
39375;QUIES;18062
39384;LUXEPIL;18062
39393;NIEVINA;18062
39402;VIELONG;18069
39411;BELCILS;14500
39421;TWELVE BEAUTY;14500
39485;ANDINA;18062
39495;NURSEM;14499
39504;CEDIB PARIS;18041
39513;DON ALGODÓN;38523
39522;CARAMBA;38523
39531;MAYFER PERFUMES;38523
39571;LIERAC;15949
39655;YOPE;14499
39664;YOPE;14502
39674;YOPE;15694
39682;YOPE;15695
39691;GRUMS AARHUS;14500
39700;GRUMS AARHUS;14499
39709;AUGUSTINUS BADER;14500
39718;AUGUSTINUS BADER;14499
39727;IDC INSTITUTE;14501
39737;TITTO BLUNI;14498
39746;TITTO BLUNI;15692
39755;VERSACE;14511
39756;OTHER;14507
39766;ALYSSA ASHLEY;14509
39775;VERSACE;14509
39783;LUXIDERMA;14499
39792;BRAUN;14509
39801;LA CABINE;14510
39810;CORINE DE FARME;18091
39819;TATA HARPER;14500
39828;FARMAVITA;30203
39840;FARMAVITA;14509
39849;FARMAVITA;14512
39858;BOTOT;18062
39867;WATERCLOUDS;14502
39876;WATERCLOUDS;14509
39885;FARALA;18048
39895;PEAKY BLINDERS;18069
39904;RADOX;14499
39913;WATERCLOUDS;14512
39922;MUNICH;14508
39932;KIWI;38523
39940;YAK;38523
39949;DR.BECKMANN;38523
39958;CUMBRE;38523
39967;SERGIO TACCHINI;14509
39976;HIDALGO;38523
39985;LI LASH;14501
39994;CR7 CRISTIANO RONALDO;14508
40003;CR7 CRISTIANO RONALDO;14511
40034;SCALPERS;14508
40043;EVY TECHNOLOGY;14503
40052;GEEK & GORGEOUS;14500
40061;MOLTON BROWN;14499
40070;ELEVEN AUSTRALIA;14502
40079;LA PROVENÇALE BIO;14500
40088;GLAM OF SWEDEN;14501
40097;SWISS SMILE;14499
40106;NATURBRUSH;14499
40115;SEVENS SKINCARE;14500
40124;KATAI;14502
40139;SERGIO TACCHINI;14498
40148;YUMI ALOE;14499
40157;REDENHAIR;14502
40165;REDENHAIR;14501
40173;SMELLWELL;38523
40182;MANTA;14502
40191;EIGHT & BOB;14498
40200;STYLIDEAS;14501
40209;FORMULA SWISS;14499
40226;FORMULA SWISS;30203
40235;FORMULA SWISS;14500
40244;POLAAR;14500
40253;POLAAR;18062
40262;OH! WHITE;14507
40271;WHITE TO BROWN;14503
40280;WHITE TO BROWN;18062
40298;BECONFIDENT;14500
40316;VALQUER;14502
40325;VALQUER;18062
40334;ABHATI SUISSE;14502
40343;ABHATI SUISSE;14499
40352;VALQUER;14500
40361;SANON;37581
40371;AMLSPORT;37581
40381;BIOTECH USA;37581
40391;H4U;37581
40401;MM SUPPLEMENTS;37581
40411;NATURE'S BOUNTY;37581
40421;PERFECT NUTRITION;37581
40431;PHYTOFARMA;37581
40441;PROCELL;37581
40451;THE CAPSOUL;37581
40460;SLEEK;14501
40469;BANOBAGI;14500
40478;ARGANOUR;18091
40487;BASE OF SWEDEN;14501
40496;BIG;37581
40505;BIOVENE;14502
40514;BIOVENE;14500
40523;CARL&SON;14510
40533;CARL&SON;14501
40543;COCOSOLIS;14500
40552;COCOSOLIS;14499
40568;CRISTALINAS;38523
40577;DAFFOIL;38523
40586;EAU DE SÓLLER;14498
40595;EAU DE SÓLLER;14499
40605;ECO HAPPY;38523
40614;GOLD BY JOSÉ OJEDA;14501
40622;GLAM OF SWEDEN;14499
40631;GLAM OF SWEDEN;14500
40640;ENERGIZER;38523
40649;FRUDIA;18034
40658;INCA;14502
40667;INCA;38523
40676;INCA;14499
40685;ION8;38523
40694;ION8;37581
40703;ISWARI;37581
40713;JLH;14502
40722;LABELIST COSMETICS;14500
40731;LABOTCH;14500
40740;LES HUILES DE BALQUIS;14500
40749;LITTA PEH;14500
40758;MAGNOLIOPHYTA;14500
40767;MARGOT & TITA;14498
40776;MASQ PLUS;14500
40785;MAUBE;14500
40794;MAUBE;14498
40803;MAUBE;14499
40812;MÍA COSMETICS;14501
40821;ORGANIC & BOTANIC;14500
40830;PHYTOFARMA;14500
40839;PRANARÔM;38523
40848;SANON;14500
40857;SANON;14499
40866;SANTELLE;37581
40876;SEVENS SKINCARE;14499
40884;SHINETREE;14500
40893;SKIN GENERICS;
40902;THE BEEMINE LAB;14500
40911;THE SEVEN COSMETICS;14498
40919;VELANDIA;14500
40927;MAUBE;14502
40936;MÍA COSMETICS;14500
40945;MÍA COSMETICS;14499
40954;PHYTOFARMA;14499
40963;ENDOCIL;14499
40972;CORINE DE FARME;18084
40981;LA CABINE;14502
40990;MARTINELIA;14501
40999;O'KEEFFE'S;14499
41008;DR BOTANICALS;14499
41017;SKIN GENERICS;14500
41026;MOKOSH;14500
41035;MOKOSH;14499
41044;OHLALA LABORATOIRES;14499
41053;PATYKA;14500
41062;PATYKA;14499
41071;PATYKA;14503
41080;PATYKA;14501
41098;ORGANIC & BOTANIC;18062
41107;ORGANIC & BOTANIC;14502
41116;ORGANIC & BOTANIC;14510
41125;BASE OF SWEDEN;14500
41134;LIXONE;14502
41143;DR. HAUSCHKA;14502
41151;THE WET BRUSH;18055
41160;SPACECAT;18062
41169;SPACECAT;14500
41178;SPACECAT;14502
41187;THE BEEMINE LAB;18062
41196;ARAMIS;14502
41206;SKINTSUGI;14500
41216;SPLAT;14499
41226;ALCANTARA;14502
41236;IBIZALOE;14500
41245;IBIZALOE;14499
41255;IBIZALOE;14503
41271;SALERM COSMETICS;14497
41288;BODY NATUR;18062
41297;BODY NATUR;18069
41306;BODY NATUR;14500
41323;CARL&SON;14509
41332;ARUAL;14503
41341;EUROENERGY;38523
41351;MACCA;14500
41360;LOVE BOO;14499
41371;IBIZALOE;14510
41383;IBIZALOE;18084
41392;IBIZALOE;37581
41401;HUMYDRY;38523
41410;BIOCOSME;14500
41419;BIOCOSME;14499
41430;GOTAS FRESCAS;18062
41439;XENSIUM;14502
41448;XENSIUM;14500
41457;XENSIUM;18062
41467;NUGGELA & SULE;15694
41476;REAL TECHNIQUES;14500
41485;LA CABINE;18062
41494;XENSIUM;38523
41503;CHANEL;14498
41512;SOLIDU;14502
41521;SOLIDU;18062
41530;SOLIDU;14500
41539;FRUDIA;18084
41548;VELANDIA;15691
41557;VELANDIA;14510
41566;VELANDIA;18062
41575;VELANDIA;14502
41584;DR SEBAGH;14499
41593;MARTINELIA;18062
41602;ALTRUIST;14503
41612;ALTRUIST;14500
41620;ALTRUIST;14499
41629;SKALA;18055
41638;VERA AND THE BIRDS;14500
41651;ARTISTIC HAIR;14502
41660;NOVEX;14502
41671;GOTA DOURADA;18055
41680;COCOSOLIS;14503
41689;LAISEVEN;18048
41700;VERA AND THE BIRDS;14501
41709;SUGARBEARHAIR;14500
41718;COLAB;14502
41727;BE ESSENTIAL;14500
41736;JAMES READ;14503
41745;VERA AND THE BIRDS;14499
41754;VERA AND THE BIRDS;14502
41763;SOLEAF;14500
41772;BOTANICAL ORIGIN;38523
41781;BAHAMA & CO;38523
41790;SPRINGFIELD;14508
41799;INCA;15693
41808;BE ESSENTIAL;37581
41818;BEAUTY PILLOW;14499
41827;BONDI SANDS;14503
41836;DELISEA;14498
41845;FASCY LAB;14500
41854;LOVYC;14499
41863;MÁDARA;14502
41871;MAUBE;14503
41880;MYOKO;14500
41889;NATURTIERRA;37581
41898;PALEOBULL;37581
41907;PURITO;14500
41917;SOME BY MI;14500
41926;STYLIDEAS;14499
41935;TRIUMPH & DISASTER;14512
41944;TRIUMPH & DISASTER;14510
41953;TRIUMPH & DISASTER;14509
41963;TRIUMPH & DISASTER;14503
41972;VOLTAGE COSMETICS;14502
41981;ZINNIA;14498
41983;TACTO;14499
41992;REBEL;14508
42001;PARDO;14499
42010;LA WALKIRIA;14499
42019;HIDROGENESSE;14499
42028;FIAT;14498
42038;DEBORAH MILANO;14499
42047;CORONEL TAPIOCCA;14511
42056;SNP;14500
42065;CURASANO;14503
42074;BELLODY;14502
42083;MAAR;14498
42092;DERMO AFRO;14502
42104;ALMA SECRET;14500
42112;ALMA SECRET;14502
42120;ALMA SECRET;14503
42128;ALMA SECRET;14499
42138;ILIA;14501
42140;ALOE SHOP;14500
42142;AROMATICA;14500
42144;BANBU;14500
42146;BAREMINERALS;14500
42148;EARTH KISS;14500
42150;INVERAY;14501
42152;LA CASA DE LOS AROMAS;38523
42155;MAGIC STUDIO POWERFUL COSMETICS;14501
42157;SENDO;14502
42158;DICORA;14498
42159;DICORA;14508
42160;PRIVATA;14508
42165;YOUNGBLOOD;14501
42166;MARIA NILA;14502
42167;FURLA;14498
42168;CANTU;14502
42169;SKIN CHEMISTS;14500
42170;AMBIENTAIR;38523
42171;MAIKO;14501
42172;FLORA AND CURL;14502
42173;ESPONJABÓN;14499
42174;URBAN DECAY;14501
42175;ZIAJA;14499
42176;ZIAJA;14500
42177;NANOLASH;14502
42178;NANOLASH;14500
42179;MONCHO MORENO;14502
42180;REFECTOCIL;14500
42181;THE POTIONS;14500
42182;REFECTOCIL;14501
42183;AS I AM;14502
42184;HAIRGUM;14502
42185;BOUCLÈME;14502
42186;MUHAMMAD ALI;18069
42188;GREEN AGAFIA;18062
42189;GREEN AGAFIA;18055
42190;DR. KONOPKA'S;18055
42196;DR. KONOPKA'S;18062
42197;DR. KONOPKA'S;18034
42198;LILY LOLO;14501
42199;NATURA SIBERICA;18055
42200;NATURA SIBERICA;18062
42201;NATURA SIBERICA;18034
42202;D'ALCHEMY SKINCARE;14500
42203;D'ALCHEMY SKINCARE;18062
42204;OMA GERTRUDE;18062
42205;AUSTRALIAN GOLD;18041
42206;GEORGE CLOONEY;14508
42207;OMA GERTRUDE;18034
42208;OMA GERTRUDE;18055
42209;DARE NAILS;18041
42210;NATURA SIBERICA;18069
42211;EQUILIBRA;18055
42212;EQUILIBRA;18062
42213;EQUILIBRA;18034
42214;MYRURGIA;18048
42215;GLAMGLOW;14500
42216;SCALPERS;14498
42217;MUNICH;14498
42218;NURANA;14502
42219;IDC INSTITUTE;18055
42220;FILA;18048
42221;DISNEY;18041
42222;LILY LOLO;14500
42223;BOURJOIS;18069
42224;VASELINE;18062
42225;JOVAN;18062
42226;BIC;18069
42227;PACHA;18062
42228;EL GANSO;14498
42229;LAISEVEN;18062
42230;IDC INSTITUTE;18069
42231;THE SEVEN COSMETICS;14499
42232;THE SEVEN COSMETICS;14502
42233;DR. GRANDEL;14500
42234;ALCHEMY CARE COSMETICS;14500
42235;DESSATA;14502
42236;MARVEL;18069
42237;PICU BABY;18062
42238;LA ROSÉE PARIS;14500
42239;LA ROSÉE PARIS;14499
42240;COCOSOLIS;14502
42241;DERMOLAB;18084
42242;CATTIER PARIS;14500
42243;CATTIER PARIS;14502
42244;CATTIER PARIS;14499
42245;CATTIER PARIS;14503
42246;SOIVRE;14499
42247;FILA;18069
42248;BANBU;14502
42249;BANBU;14499
42250;BANBU;38523
42251;LOVYC;14502
42252;REEBOK;18062
42253;TITTO BLUNI;14508
42254;COTONI;38523
42255;COOPERMATIC;38523
42256;CLIPS REINA;14502
42257;PFEILRING;14499
42258;ANOUK;18062
42259;HANNIBAL LAGUNA;18048
42260;HANNIBAL LAGUNA;18069
42261;MARC MARQUEZ;18069
42262;ALOE SHOP;14499
42263;ALOE SHOP;14502
42264;CARVEN;14498
42265;CARVEN;14499
42266;ME ALL ABOUT ME;14502
42267;ME ALL ABOUT ME;14500
42268;ME ALL ABOUT ME;14499
42269;ALEEN;14499
42270;OGX;14502
42271;MAUI;14502
42272;ALCHEMY CARE COSMETICS;14498
42273;ALCHEMY CARE COSMETICS;14499
42274;CATRICE;14500
42275;MORGAN TAYLOR;14501
42277;MORGAN TAYLOR;14499
42278;ZIAJA;14501
42279;SANYTOL;38523
42280;DR. HAUSCHKA;14503
42281;AMBAR PERFUMS;38523
42282;GAL;18048
42283;EL CABALLO;18048
42284;EL CABALLO;18069
42285;H4U;14499
42286;FLOR;38523
42287;VANISH;38523
42288;PERLAN;38523
42289;PRONTO;38523
42290;BYPHASSE;18041
42291;ARGANOUR;18084
42292;HERBISSIMO;14498
42293;VELANDIA;14498
42294;MAGIC STUDIO POWERFUL COSMETICS;14499
42295;COMPO;38523
42296;MACCA;14499
42297;REN;14499
42298;IROHA NATURE;18062
42299;BAREMINERALS;14499
42300;ME ALL ABOUT ME;14509
42301;ME ALL ABOUT ME;14512
42302;ME ALL ABOUT ME;14510
42303;ECOTOOLS;14499
42304;SOPHIESKIN;14500
42305;SERGE LUTENS;14499
42306;NATURAL HONEY;18055
42307;SIWON;14510
42308;THAYERS;14500
42310;ALVAREZ GÓMEZ;18034
42311;SIWON;14509
42313;NANOLASH;14501
42314;COTY;18062
42315;MANUEL CARRASCO;18069
42316;MISSONI;14508
42317;MISSONI;14510
42318;MISSONI;14509
42319;JACADI;14508
42320;JACADI;14499
42321;THE BLUEBEARDS REVENGE;14510
42322;CARELIA;18062
42323;MYRURGIA;18062
42324;ECOTOOLS;14500
42325;FILA;18062
42326;FUN & BASICS;18069
42327;ZIAJA;14510
42328;ZIAJA;14502
42330;SALLY HANSEN;14501
42331;ELLIPS;37581
42332;REVOLUTION MAKE UP;14501
42333;HELLO SUNDAY;14500
42334;AGRADO;18048
42335;ESSENCE COSMETICS;14500
42336;ESSENCE COSMETICS;14499
42337;ESSENCE COSMETICS;14503
42338;HELLO SUNDAY;14499
42339;REVOLUTION MAKE UP;14502
42340;REVOLUTION MAKE UP;14500
42341;SYOSS;18069
42342;HACKETT;14508
42343;AGRADO;18084
42344;NATURA SIBERICA;18041
42345;NATURA SIBERICA;18084
42346;BPERFECT COSMETICS;14501
42347;BIOVENE;14499
42348;BMT KERAPRO;14502
42349;CARVEN;14509
42350;DELISEA;14508
42351;ELEVEN AUSTRALIA;14499
42352;FRUDIA;18062
42353;GIRLZ ONLY;18055
42354;HACKETT;14509
42355;TIFFANY&CO.;14499
42356;DISNEY;18055
42357;DISNEY;18034
42358;CARTOON;18034
42359;FLOR DE MAYO;18034
42360;ELIE SAAB;14502
42361;IT COSMETICS;14501
42362;BE NATURAL;14502
42363;IVYBEARS;37581
42366;DERMOCRACY;14500
42367;NANOBROW;14501
42369;ORGANIC SHOP;18062
42370;ANEA;14502
15642;RENE FURTERER ;14502
30347;BALSAMUM ROSAE ;15943
